Country,Quantity,Value (US$),Year
Afghanistan,-,-,1997
South Africa,463,1.673,1997
Germany,43,307,1997
Angola,68.494,146.017,1997
Anguilla,-,-,1997
Antigua and Barbuda,-,-,1997
Caribbean Netherlands,-,-,1997
Argentina,40,369,1997
Aruba,-,-,1997
Australia,-,-,1997
Austria,-,-,1997
Bahamas,-,-,1997
Bangladesh,-,-,1997
Barbados,243,1.647,1997
Bahrain,-,-,1997
Belgium,-,-,1997
Belize,-,-,1997
Benin,-,-,1997
Bolivia,2.074,2.416,1997
Bosnia,-,-,1997
Brazil,-,-,1997
Bulgaria,-,-,1997
Republic of Cabo Verde,-,-,1997
Cameroon,-,-,1997
Canada,4.475,9.722,1997
Qatar,-,-,1997
Cayman Islands,-,-,1997
Chile,-,-,1997
China,-,-,1997
Cyprus,-,-,1997
Singapore,-,-,1997
Cocos (Keeling) Islands,-,-,1997
Colombia,-,-,1997
Comoros,-,-,1997
Congo,-,-,1997
South Korea,-,-,1997
Côte d'Ivoire,-,-,1997
Costa Rica,-,-,1997
Croatia,-,-,1997
Cuba,-,-,1997
Curacao,-,-,1997
Denmark,19.740,45.641,1997
Dominica,-,-,1997
El Salvador,-,-,1997
Saudi Arabia,-,-,1997
Ecuador,-,-,1997
Slovakia,-,-,1997
Spain,-,-,1997
US,8.741.057,11.062.358,1997
Estonia,-,-,1997
Philippines,-,-,1997
Finland,104.004,196.559,1997
France,20.586,48.300,1997
Ghana,-,-,1997
Gibraltar,-,-,1997
Grenada,-,-,1997
Greece,-,-,1997
Guatemala,8.509,13.458,1997
Guyana,-,-,1997
French Guiana,-,-,1997
Guinea-Bissau,-,-,1997
Equatorial Guinea,-,-,1997
Haiti,-,-,1997
Honduras,-,-,1997
Hong Kong,-,-,1997
Hungary,-,-,1997
Isle of Man,-,-,1997
Virgin Islands,-,-,1997
India,-,-,1997
Indonesia,-,-,1997
Iran,-,-,1997
Iraq,-,-,1997
Ireland,-,-,1997
Italy,-,-,1997
Jamaica,-,-,1997
Japan,294.275,330.025,1997
Jordan,-,-,1997
Latvia,-,-,1997
Lebanon,-,-,1997
Liberia,-,-,1997
Luxembourg,-,-,1997
Malaysia,-,-,1997
Malta,-,-,1997
Marshall Islands,-,-,1997
Mauritania,-,-,1997
Mexico,-,-,1997
Mozambique,-,-,1997
Montenegro,-,-,1997
Namibia,-,-,1997
Nicaragua,-,-,1997
Nigeria,-,-,1997
Norway,-,-,1997
New Caledonia,-,-,1997
New Zealand,-,-,1997
Oman,-,-,1997
Netherlands,-,-,1997
Panama,8.378,12.530,1997
Paraguay,5.323.718,2.837.778,1997
Peru,-,-,1997
Poland,-,-,1997
Puerto Rico,-,-,1997
Portugal,-,-,1997
Kenya,455,792,1997
UK,634.977,1.024.696,1997
Dominican Republic,-,-,1997
Rússia,-,-,1997
Sao Tome and Principe,-,-,1997
Saint Vincent and the Grenadines,-,-,1997
Senegal,-,-,1997
Sierra Leone,-,-,1997
Singapore,-,-,1997
Eswatini,-,-,1997
Sweden,9.900,25.352,1997
Switzerland,-,-,1997
Suriname,-,-,1997
Thailand,-,-,1997
Taiwan,-,-,1997
Tanzânia,-,-,1997
Czech Republic,-,-,1997
Togo,-,-,1997
Trinidad and Tobago,-,-,1997
Tunísia,-,-,1997
Turkey,-,-,1997
Tuvalu,-,-,1997
Uruguay,46.904,34.226,1997
Vanuatu,-,-,1997
Venezuela,-,-,1997
Vietnam,-,-,1997
Afghanistan,-,-,1998
South Africa,-,-,1998
Germany,504,700,1998
Angola,15.780,34.732,1998
Anguilla,-,-,1998
Antigua and Barbuda,-,-,1998
Caribbean Netherlands,-,-,1998
Argentina,211,1.178,1998
Aruba,-,-,1998
Australia,-,-,1998
Austria,-,-,1998
Bahamas,-,-,1998
Bangladesh,-,-,1998
Barbados,-,-,1998
Bahrain,-,-,1998
Belgium,-,-,1998
Belize,-,-,1998
Benin,-,-,1998
Bolivia,3.261,3.644,1998
Bosnia,-,-,1998
Brazil,-,-,1998
Bulgaria,-,-,1998
Republic of Cabo Verde,-,-,1998
Cameroon,-,-,1998
Canada,4.480,8.956,1998
Qatar,-,-,1998
Cayman Islands,-,-,1998
Chile,-,-,1998
China,-,-,1998
Cyprus,-,-,1998
Singapore,-,-,1998
Cocos (Keeling) Islands,-,-,1998
Colombia,-,-,1998
Comoros,-,-,1998
Congo,-,-,1998
South Korea,-,-,1998
Côte d'Ivoire,-,-,1998
Costa Rica,-,-,1998
Croatia,-,-,1998
Cuba,-,-,1998
Curacao,-,-,1998
Denmark,-,-,1998
Dominica,-,-,1998
El Salvador,-,-,1998
Saudi Arabia,-,-,1998
Ecuador,-,-,1998
Slovakia,-,-,1998
Spain,-,-,1998
US,165.010,228.379,1998
Estonia,-,-,1998
Philippines,-,-,1998
Finland,58.320,100.440,1998
France,-,-,1998
Ghana,-,-,1998
Gibraltar,-,-,1998
Grenada,-,-,1998
Greece,-,-,1998
Guatemala,-,-,1998
Guyana,-,-,1998
French Guiana,-,-,1998
Guinea-Bissau,-,-,1998
Equatorial Guinea,-,-,1998
Haiti,-,-,1998
Honduras,8.963,13.055,1998
Hong Kong,-,-,1998
Hungary,-,-,1998
Isle of Man,-,-,1998
Virgin Islands,-,-,1998
India,-,-,1998
Indonesia,-,-,1998
Iran,-,-,1998
Iraq,-,-,1998
Ireland,-,-,1998
Italy,-,-,1998
Jamaica,-,-,1998
Japan,1.914.668,1.186.106,1998
Jordan,-,-,1998
Latvia,-,-,1998
Lebanon,-,-,1998
Liberia,-,-,1998
Luxembourg,-,-,1998
Malaysia,-,-,1998
Malta,-,-,1998
Marshall Islands,-,-,1998
Mauritania,-,-,1998
Mexico,-,-,1998
Mozambique,-,-,1998
Montenegro,-,-,1998
Namibia,-,-,1998
Nicaragua,-,-,1998
Nigeria,-,-,1998
Norway,-,-,1998
New Caledonia,-,-,1998
New Zealand,-,-,1998
Oman,-,-,1998
Netherlands,-,-,1998
Panama,-,-,1998
Paraguay,5.227.268,3.414.233,1998
Peru,-,-,1998
Poland,-,-,1998
Puerto Rico,-,-,1998
Portugal,-,-,1998
Kenya,-,-,1998
UK,302.771,482.990,1998
Dominican Republic,-,-,1998
Rússia,15,21,1998
Sao Tome and Principe,-,-,1998
Saint Vincent and the Grenadines,-,-,1998
Senegal,-,-,1998
Sierra Leone,-,-,1998
Singapore,-,-,1998
Eswatini,-,-,1998
Sweden,-,-,1998
Switzerland,-,-,1998
Suriname,-,-,1998
Thailand,-,-,1998
Taiwan,-,-,1998
Tanzânia,-,-,1998
Czech Republic,-,-,1998
Togo,-,-,1998
Trinidad and Tobago,-,-,1998
Tunísia,-,-,1998
Turkey,-,-,1998
Tuvalu,-,-,1998
Uruguay,49.219,38.244,1998
Vanuatu,-,-,1998
Venezuela,-,-,1998
Vietnam,-,-,1998
Afghanistan,-,-,1999
South Africa,-,-,1999
Germany,-,-,1999
Angola,10.998,16.738,1999
Anguilla,-,-,1999
Antigua and Barbuda,-,-,1999
Caribbean Netherlands,-,-,1999
Argentina,-,-,1999
Aruba,-,-,1999
Australia,-,-,1999
Austria,-,-,1999
Bahamas,-,-,1999
Bangladesh,-,-,1999
Barbados,-,-,1999
Bahrain,-,-,1999
Belgium,-,-,1999
Belize,-,-,1999
Benin,-,-,1999
Bolivia,191.912,67.515,1999
Bosnia,-,-,1999
Brazil,-,-,1999
Bulgaria,-,-,1999
Republic of Cabo Verde,-,-,1999
Cameroon,-,-,1999
Canada,-,-,1999
Qatar,-,-,1999
Cayman Islands,-,-,1999
Chile,-,-,1999
China,-,-,1999
Cyprus,-,-,1999
Singapore,-,-,1999
Cocos (Keeling) Islands,-,-,1999
Colombia,-,-,1999
Comoros,-,-,1999
Congo,-,-,1999
South Korea,-,-,1999
Côte d'Ivoire,-,-,1999
Costa Rica,-,-,1999
Croatia,-,-,1999
Cuba,-,-,1999
Curacao,-,-,1999
Denmark,6.300,18.641,1999
Dominica,-,-,1999
El Salvador,-,-,1999
Saudi Arabia,-,-,1999
Ecuador,-,-,1999
Slovakia,-,-,1999
Spain,-,-,1999
US,1.451,4.293,1999
Estonia,-,-,1999
Philippines,-,-,1999
Finland,46.656,94.193,1999
France,2.213,4.499,1999
Ghana,-,-,1999
Gibraltar,-,-,1999
Grenada,-,-,1999
Greece,-,-,1999
Guatemala,-,-,1999
Guyana,-,-,1999
French Guiana,-,-,1999
Guinea-Bissau,-,-,1999
Equatorial Guinea,-,-,1999
Haiti,-,-,1999
Honduras,8.963,12.890,1999
Hong Kong,-,-,1999
Hungary,-,-,1999
Isle of Man,-,-,1999
Virgin Islands,-,-,1999
India,-,-,1999
Indonesia,-,-,1999
Iran,-,-,1999
Iraq,-,-,1999
Ireland,-,-,1999
Italy,-,-,1999
Jamaica,-,-,1999
Japan,1.579.024,885.479,1999
Jordan,-,-,1999
Latvia,-,-,1999
Lebanon,-,-,1999
Liberia,-,-,1999
Luxembourg,-,-,1999
Malaysia,-,-,1999
Malta,-,-,1999
Marshall Islands,-,-,1999
Mauritania,-,-,1999
Mexico,8.948,15.700,1999
Mozambique,-,-,1999
Montenegro,-,-,1999
Namibia,-,-,1999
Nicaragua,-,-,1999
Nigeria,108,706,1999
Norway,-,-,1999
New Caledonia,-,-,1999
New Zealand,-,-,1999
Oman,-,-,1999
Netherlands,315,1.398,1999
Panama,-,-,1999
Paraguay,4.753.743,2.732.135,1999
Peru,-,-,1999
Poland,-,-,1999
Puerto Rico,-,-,1999
Portugal,-,-,1999
Kenya,-,-,1999
UK,77.310,166.413,1999
Dominican Republic,-,-,1999
Rússia,-,-,1999
Sao Tome and Principe,-,-,1999
Saint Vincent and the Grenadines,-,-,1999
Senegal,-,-,1999
Sierra Leone,-,-,1999
Singapore,-,-,1999
Eswatini,-,-,1999
Sweden,-,-,1999
Switzerland,-,-,1999
Suriname,-,-,1999
Thailand,-,-,1999
Taiwan,-,-,1999
Tanzânia,-,-,1999
Czech Republic,-,-,1999
Togo,-,-,1999
Trinidad and Tobago,5.463,12.116,1999
Tunísia,-,-,1999
Turkey,-,-,1999
Tuvalu,-,-,1999
Uruguay,72.533,41.576,1999
Vanuatu,-,-,1999
Venezuela,-,-,1999
Vietnam,-,-,1999
Afghanistan,-,-,2000
South Africa,-,-,2000
Germany,9.900,15.620,2000
Angola,249.717,368.817,2000
Anguilla,-,-,2000
Antigua and Barbuda,-,-,2000
Caribbean Netherlands,-,-,2000
Argentina,-,-,2000
Aruba,-,-,2000
Australia,-,-,2000
Austria,-,-,2000
Bahamas,-,-,2000
Bangladesh,-,-,2000
Barbados,-,-,2000
Bahrain,-,-,2000
Belgium,-,-,2000
Belize,-,-,2000
Benin,-,-,2000
Bolivia,265.988,109.714,2000
Bosnia,-,-,2000
Brazil,-,-,2000
Bulgaria,-,-,2000
Republic of Cabo Verde,-,-,2000
Cameroon,-,-,2000
Canada,4.480,8.538,2000
Qatar,-,-,2000
Cayman Islands,-,-,2000
Chile,-,-,2000
China,-,-,2000
Cyprus,-,-,2000
Singapore,-,-,2000
Cocos (Keeling) Islands,-,-,2000
Colombia,-,-,2000
Comoros,-,-,2000
Congo,-,-,2000
South Korea,-,-,2000
Côte d'Ivoire,-,-,2000
Costa Rica,-,-,2000
Croatia,-,-,2000
Cuba,-,-,2000
Curacao,-,-,2000
Denmark,-,-,2000
Dominica,-,-,2000
El Salvador,-,-,2000
Saudi Arabia,-,-,2000
Ecuador,-,-,2000
Slovakia,-,-,2000
Spain,-,-,2000
US,2.151,4.632,2000
Estonia,-,-,2000
Philippines,-,-,2000
Finland,40.824,80.740,2000
France,600,1.344,2000
Ghana,-,-,2000
Gibraltar,-,-,2000
Grenada,-,-,2000
Greece,-,-,2000
Guatemala,-,-,2000
Guyana,-,-,2000
French Guiana,-,-,2000
Guinea-Bissau,-,-,2000
Equatorial Guinea,-,-,2000
Haiti,-,-,2000
Honduras,-,-,2000
Hong Kong,-,-,2000
Hungary,-,-,2000
Isle of Man,-,-,2000
Virgin Islands,-,-,2000
India,-,-,2000
Indonesia,-,-,2000
Iran,-,-,2000
Iraq,-,-,2000
Ireland,-,-,2000
Italy,-,-,2000
Jamaica,-,-,2000
Japan,672.280,418.175,2000
Jordan,-,-,2000
Latvia,-,-,2000
Lebanon,-,-,2000
Liberia,-,-,2000
Luxembourg,-,-,2000
Malaysia,-,-,2000
Malta,-,-,2000
Marshall Islands,-,-,2000
Mauritania,-,-,2000
Mexico,-,-,2000
Mozambique,-,-,2000
Montenegro,-,-,2000
Namibia,-,-,2000
Nicaragua,-,-,2000
Nigeria,396,695,2000
Norway,-,-,2000
New Caledonia,-,-,2000
New Zealand,-,-,2000
Oman,-,-,2000
Netherlands,-,-,2000
Panama,-,-,2000
Paraguay,4.997.801,2.424.927,2000
Peru,-,-,2000
Poland,-,-,2000
Puerto Rico,-,-,2000
Portugal,-,-,2000
Kenya,-,-,2000
UK,-,-,2000
Dominican Republic,-,-,2000
Rússia,-,-,2000
Sao Tome and Principe,-,-,2000
Saint Vincent and the Grenadines,-,-,2000
Senegal,-,-,2000
Sierra Leone,-,-,2000
Singapore,-,-,2000
Eswatini,-,-,2000
Sweden,-,-,2000
Switzerland,-,-,2000
Suriname,-,-,2000
Thailand,-,-,2000
Taiwan,-,-,2000
Tanzânia,-,-,2000
Czech Republic,-,-,2000
Togo,-,-,2000
Trinidad and Tobago,-,-,2000
Tunísia,-,-,2000
Turkey,-,-,2000
Tuvalu,-,-,2000
Uruguay,44.476,30.075,2000
Vanuatu,-,-,2000
Venezuela,-,-,2000
Vietnam,-,-,2000
Afghanistan,-,-,2001
South Africa,-,-,2001
Germany,1.673,11.157,2001
Angola,12.150,15.529,2001
Anguilla,-,-,2001
Antigua and Barbuda,-,-,2001
Caribbean Netherlands,-,-,2001
Argentina,1.477,2.393,2001
Aruba,-,-,2001
Australia,-,-,2001
Austria,-,-,2001
Bahamas,-,-,2001
Bangladesh,-,-,2001
Barbados,-,-,2001
Bahrain,-,-,2001
Belgium,-,-,2001
Belize,-,-,2001
Benin,-,-,2001
Bolivia,109.434,49.151,2001
Bosnia,-,-,2001
Brazil,-,-,2001
Bulgaria,-,-,2001
Republic of Cabo Verde,-,-,2001
Cameroon,-,-,2001
Canada,-,-,2001
Qatar,-,-,2001
Cayman Islands,-,-,2001
Chile,-,-,2001
China,-,-,2001
Cyprus,-,-,2001
Singapore,-,-,2001
Cocos (Keeling) Islands,-,-,2001
Colombia,-,-,2001
Comoros,-,-,2001
Congo,-,-,2001
South Korea,-,-,2001
Côte d'Ivoire,-,-,2001
Costa Rica,-,-,2001
Croatia,-,-,2001
Cuba,-,-,2001
Curacao,-,-,2001
Denmark,-,-,2001
Dominica,-,-,2001
El Salvador,-,-,2001
Saudi Arabia,-,-,2001
Ecuador,10.666,4.076,2001
Slovakia,-,-,2001
Spain,-,-,2001
US,3.576,7.972,2001
Estonia,-,-,2001
Philippines,-,-,2001
Finland,31.176,67.060,2001
France,4.820,9.639,2001
Ghana,259,389,2001
Gibraltar,-,-,2001
Grenada,-,-,2001
Greece,-,-,2001
Guatemala,-,-,2001
Guyana,-,-,2001
French Guiana,-,-,2001
Guinea-Bissau,-,-,2001
Equatorial Guinea,-,-,2001
Haiti,-,-,2001
Honduras,-,-,2001
Hong Kong,-,-,2001
Hungary,-,-,2001
Isle of Man,-,-,2001
Virgin Islands,-,-,2001
India,-,-,2001
Indonesia,-,-,2001
Iran,-,-,2001
Iraq,-,-,2001
Ireland,-,-,2001
Italy,-,-,2001
Jamaica,-,-,2001
Japan,32.073,40.010,2001
Jordan,-,-,2001
Latvia,-,-,2001
Lebanon,-,-,2001
Liberia,-,-,2001
Luxembourg,-,-,2001
Malaysia,-,-,2001
Malta,-,-,2001
Marshall Islands,-,-,2001
Mauritania,-,-,2001
Mexico,-,-,2001
Mozambique,-,-,2001
Montenegro,-,-,2001
Namibia,-,-,2001
Nicaragua,-,-,2001
Nigeria,-,-,2001
Norway,-,-,2001
New Caledonia,-,-,2001
New Zealand,-,-,2001
Oman,-,-,2001
Netherlands,-,-,2001
Panama,-,-,2001
Paraguay,2.437.964,1.100.645,2001
Peru,2.625,1.938,2001
Poland,-,-,2001
Puerto Rico,-,-,2001
Portugal,-,-,2001
Kenya,-,-,2001
UK,-,-,2001
Dominican Republic,-,-,2001
Rússia,-,-,2001
Sao Tome and Principe,-,-,2001
Saint Vincent and the Grenadines,-,-,2001
Senegal,-,-,2001
Sierra Leone,-,-,2001
Singapore,-,-,2001
Eswatini,-,-,2001
Sweden,-,-,2001
Switzerland,-,-,2001
Suriname,-,-,2001
Thailand,-,-,2001
Taiwan,-,-,2001
Tanzânia,-,-,2001
Czech Republic,-,-,2001
Togo,-,-,2001
Trinidad and Tobago,-,-,2001
Tunísia,-,-,2001
Turkey,-,-,2001
Tuvalu,-,-,2001
Uruguay,6.689,3.270,2001
Vanuatu,-,-,2001
Venezuela,-,-,2001
Vietnam,-,-,2001
Afghanistan,-,-,2002
South Africa,-,-,2002
Germany,1.080,4.626,2002
Angola,9.812,5.290,2002
Anguilla,-,-,2002
Antigua and Barbuda,-,-,2002
Caribbean Netherlands,-,-,2002
Argentina,-,-,2002
Aruba,-,-,2002
Australia,-,-,2002
Austria,-,-,2002
Bahamas,120,480,2002
Bangladesh,-,-,2002
Barbados,-,-,2002
Bahrain,-,-,2002
Belgium,1.263,3.900,2002
Belize,-,-,2002
Benin,-,-,2002
Bolivia,7.545,8.039,2002
Bosnia,-,-,2002
Brazil,-,-,2002
Bulgaria,-,-,2002
Republic of Cabo Verde,-,-,2002
Cameroon,-,-,2002
Canada,-,-,2002
Qatar,-,-,2002
Cayman Islands,-,-,2002
Chile,31,3,2002
China,-,-,2002
Cyprus,-,-,2002
Singapore,-,-,2002
Cocos (Keeling) Islands,-,-,2002
Colombia,-,-,2002
Comoros,-,-,2002
Congo,-,-,2002
South Korea,-,-,2002
Côte d'Ivoire,-,-,2002
Costa Rica,100,10,2002
Croatia,-,-,2002
Cuba,-,-,2002
Curacao,-,-,2002
Denmark,-,-,2002
Dominica,-,-,2002
El Salvador,-,-,2002
Saudi Arabia,-,-,2002
Ecuador,-,-,2002
Slovakia,-,-,2002
Spain,-,-,2002
US,6.800,19.641,2002
Estonia,-,-,2002
Philippines,-,-,2002
Finland,23.328,46.136,2002
France,9.000,17.240,2002
Ghana,-,-,2002
Gibraltar,-,-,2002
Grenada,-,-,2002
Greece,-,-,2002
Guatemala,-,-,2002
Guyana,-,-,2002
French Guiana,-,-,2002
Guinea-Bissau,-,-,2002
Equatorial Guinea,-,-,2002
Haiti,-,-,2002
Honduras,7.918,13.470,2002
Hong Kong,-,-,2002
Hungary,-,-,2002
Isle of Man,-,-,2002
Virgin Islands,-,-,2002
India,-,-,2002
Indonesia,-,-,2002
Iran,-,-,2002
Iraq,-,-,2002
Ireland,-,-,2002
Italy,-,-,2002
Jamaica,-,-,2002
Japan,135.602,109.557,2002
Jordan,-,-,2002
Latvia,-,-,2002
Lebanon,-,-,2002
Liberia,-,-,2002
Luxembourg,-,-,2002
Malaysia,-,-,2002
Malta,-,-,2002
Marshall Islands,-,-,2002
Mauritania,-,-,2002
Mexico,-,-,2002
Mozambique,-,-,2002
Montenegro,-,-,2002
Namibia,-,-,2002
Nicaragua,-,-,2002
Nigeria,-,-,2002
Norway,-,-,2002
New Caledonia,-,-,2002
New Zealand,-,-,2002
Oman,-,-,2002
Netherlands,-,-,2002
Panama,435,22,2002
Paraguay,2.013.803,841.589,2002
Peru,5.050,1.008,2002
Poland,-,-,2002
Puerto Rico,-,-,2002
Portugal,-,-,2002
Kenya,-,-,2002
UK,-,-,2002
Dominican Republic,-,-,2002
Rússia,-,-,2002
Sao Tome and Principe,-,-,2002
Saint Vincent and the Grenadines,-,-,2002
Senegal,-,-,2002
Sierra Leone,-,-,2002
Singapore,-,-,2002
Eswatini,-,-,2002
Sweden,-,-,2002
Switzerland,800,1.920,2002
Suriname,-,-,2002
Thailand,-,-,2002
Taiwan,-,-,2002
Tanzânia,-,-,2002
Czech Republic,-,-,2002
Togo,-,-,2002
Trinidad and Tobago,-,-,2002
Tunísia,-,-,2002
Turkey,-,-,2002
Tuvalu,-,-,2002
Uruguay,27.350,10.008,2002
Vanuatu,-,-,2002
Venezuela,-,-,2002
Vietnam,-,-,2002
Afghanistan,-,-,2003
South Africa,-,-,2003
Germany,-,-,2003
Angola,19.937,11.437,2003
Anguilla,-,-,2003
Antigua and Barbuda,-,-,2003
Caribbean Netherlands,-,-,2003
Argentina,-,-,2003
Aruba,-,-,2003
Australia,-,-,2003
Austria,-,-,2003
Bahamas,-,-,2003
Bangladesh,-,-,2003
Barbados,-,-,2003
Bahrain,-,-,2003
Belgium,-,-,2003
Belize,-,-,2003
Benin,-,-,2003
Bolivia,-,-,2003
Bosnia,-,-,2003
Brazil,-,-,2003
Bulgaria,-,-,2003
Republic of Cabo Verde,-,-,2003
Cameroon,-,-,2003
Canada,-,-,2003
Qatar,-,-,2003
Cayman Islands,-,-,2003
Chile,-,-,2003
China,-,-,2003
Cyprus,-,-,2003
Singapore,-,-,2003
Cocos (Keeling) Islands,-,-,2003
Colombia,-,-,2003
Comoros,-,-,2003
Congo,-,-,2003
South Korea,-,-,2003
Côte d'Ivoire,-,-,2003
Costa Rica,31,21,2003
Croatia,-,-,2003
Cuba,-,-,2003
Curacao,-,-,2003
Denmark,-,-,2003
Dominica,-,-,2003
El Salvador,-,-,2003
Saudi Arabia,-,-,2003
Ecuador,-,-,2003
Slovakia,-,-,2003
Spain,-,-,2003
US,25.467,72.289,2003
Estonia,-,-,2003
Philippines,-,-,2003
Finland,17.496,34.602,2003
France,-,-,2003
Ghana,270,1.655,2003
Gibraltar,-,-,2003
Grenada,-,-,2003
Greece,-,-,2003
Guatemala,-,-,2003
Guyana,-,-,2003
French Guiana,-,-,2003
Guinea-Bissau,-,-,2003
Equatorial Guinea,-,-,2003
Haiti,-,-,2003
Honduras,-,-,2003
Hong Kong,-,-,2003
Hungary,-,-,2003
Isle of Man,-,-,2003
Virgin Islands,-,-,2003
India,-,-,2003
Indonesia,-,-,2003
Iran,-,-,2003
Iraq,-,-,2003
Ireland,-,-,2003
Italy,-,-,2003
Jamaica,-,-,2003
Japan,166.028,87.286,2003
Jordan,-,-,2003
Latvia,-,-,2003
Lebanon,-,-,2003
Liberia,-,-,2003
Luxembourg,-,-,2003
Malaysia,-,-,2003
Malta,-,-,2003
Marshall Islands,-,-,2003
Mauritania,-,-,2003
Mexico,20,20,2003
Mozambique,-,-,2003
Montenegro,-,-,2003
Namibia,-,-,2003
Nicaragua,-,-,2003
Nigeria,-,-,2003
Norway,-,-,2003
New Caledonia,-,-,2003
New Zealand,-,-,2003
Oman,-,-,2003
Netherlands,-,-,2003
Panama,-,-,2003
Paraguay,1.121.672,397.471,2003
Peru,-,-,2003
Poland,-,-,2003
Puerto Rico,-,-,2003
Portugal,2.100,1.340,2003
Kenya,-,-,2003
UK,-,-,2003
Dominican Republic,-,-,2003
Rússia,-,-,2003
Sao Tome and Principe,-,-,2003
Saint Vincent and the Grenadines,-,-,2003
Senegal,-,-,2003
Sierra Leone,-,-,2003
Singapore,-,-,2003
Eswatini,-,-,2003
Sweden,-,-,2003
Switzerland,7.614,29.607,2003
Suriname,-,-,2003
Thailand,-,-,2003
Taiwan,180,300,2003
Tanzânia,-,-,2003
Czech Republic,7.370,31.791,2003
Togo,-,-,2003
Trinidad and Tobago,10,4,2003
Tunísia,-,-,2003
Turkey,-,-,2003
Tuvalu,-,-,2003
Uruguay,12.250,4.701,2003
Vanuatu,-,-,2003
Venezuela,-,-,2003
Vietnam,-,-,2003
Afghanistan,-,-,2004
South Africa,-,-,2004
Germany,13.589,28.140,2004
Angola,37.573,50.382,2004
Anguilla,-,-,2004
Antigua and Barbuda,-,-,2004
Caribbean Netherlands,-,-,2004
Argentina,-,-,2004
Aruba,-,-,2004
Australia,-,-,2004
Austria,-,-,2004
Bahamas,-,-,2004
Bangladesh,-,-,2004
Barbados,-,-,2004
Bahrain,-,-,2004
Belgium,-,-,2004
Belize,-,-,2004
Benin,-,-,2004
Bolivia,18.536,10.655,2004
Bosnia,-,-,2004
Brazil,-,-,2004
Bulgaria,-,-,2004
Republic of Cabo Verde,-,-,2004
Cameroon,-,-,2004
Canada,675,3.138,2004
Qatar,-,-,2004
Cayman Islands,-,-,2004
Chile,-,-,2004
China,404,1.118,2004
Cyprus,-,-,2004
Singapore,31,369,2004
Cocos (Keeling) Islands,-,-,2004
Colombia,280,595,2004
Comoros,-,-,2004
Congo,-,-,2004
South Korea,-,-,2004
Côte d'Ivoire,-,-,2004
Costa Rica,-,-,2004
Croatia,-,-,2004
Cuba,-,-,2004
Curacao,-,-,2004
Denmark,3.780,11.088,2004
Dominica,-,-,2004
El Salvador,-,-,2004
Saudi Arabia,-,-,2004
Ecuador,-,-,2004
Slovakia,-,-,2004
Spain,-,-,2004
US,98.265,293.491,2004
Estonia,-,-,2004
Philippines,-,-,2004
Finland,16.335,32.307,2004
France,1.497,7.788,2004
Ghana,162,774,2004
Gibraltar,-,-,2004
Grenada,-,-,2004
Greece,-,-,2004
Guatemala,-,-,2004
Guyana,-,-,2004
French Guiana,-,-,2004
Guinea-Bissau,-,-,2004
Equatorial Guinea,-,-,2004
Haiti,-,-,2004
Honduras,-,-,2004
Hong Kong,-,-,2004
Hungary,-,-,2004
Isle of Man,-,-,2004
Virgin Islands,-,-,2004
India,-,-,2004
Indonesia,-,-,2004
Iran,-,-,2004
Iraq,-,-,2004
Ireland,-,-,2004
Italy,420,1.217,2004
Jamaica,-,-,2004
Japan,426.482,216.282,2004
Jordan,-,-,2004
Latvia,-,-,2004
Lebanon,-,-,2004
Liberia,-,-,2004
Luxembourg,4.308,16.804,2004
Malaysia,-,-,2004
Malta,-,-,2004
Marshall Islands,-,-,2004
Mauritania,-,-,2004
Mexico,-,-,2004
Mozambique,-,-,2004
Montenegro,-,-,2004
Namibia,-,-,2004
Nicaragua,-,-,2004
Nigeria,-,-,2004
Norway,-,-,2004
New Caledonia,-,-,2004
New Zealand,-,-,2004
Oman,-,-,2004
Netherlands,17.688,29.556,2004
Panama,360,390,2004
Paraguay,2.108.658,760.987,2004
Peru,-,-,2004
Poland,-,-,2004
Puerto Rico,-,-,2004
Portugal,16.080,21.864,2004
Kenya,212,431,2004
UK,-,-,2004
Dominican Republic,-,-,2004
Rússia,-,-,2004
Sao Tome and Principe,-,-,2004
Saint Vincent and the Grenadines,-,-,2004
Senegal,-,-,2004
Sierra Leone,-,-,2004
Singapore,-,-,2004
Eswatini,-,-,2004
Sweden,4.995,12.880,2004
Switzerland,5.188,18.199,2004
Suriname,12.026,5.423,2004
Thailand,-,-,2004
Taiwan,-,-,2004
Tanzânia,-,-,2004
Czech Republic,11.855,64.927,2004
Togo,-,-,2004
Trinidad and Tobago,-,-,2004
Tunísia,1.300,1.042,2004
Turkey,-,-,2004
Tuvalu,-,-,2004
Uruguay,1.296,766,2004
Vanuatu,-,-,2004
Venezuela,-,-,2004
Vietnam,-,-,2004
Afghanistan,-,-,2005
South Africa,-,-,2005
Germany,57.393,106.702,2005
Angola,24.056,33.039,2005
Anguilla,-,-,2005
Antigua and Barbuda,-,-,2005
Caribbean Netherlands,4.259,6.206,2005
Argentina,-,-,2005
Aruba,-,-,2005
Australia,-,-,2005
Austria,-,-,2005
Bahamas,-,-,2005
Bangladesh,-,-,2005
Barbados,-,-,2005
Bahrain,-,-,2005
Belgium,6.750,28.743,2005
Belize,-,-,2005
Benin,-,-,2005
Bolivia,8.306,4.452,2005
Bosnia,-,-,2005
Brazil,-,-,2005
Bulgaria,-,-,2005
Republic of Cabo Verde,-,-,2005
Cameroon,-,-,2005
Canada,117,801,2005
Qatar,-,-,2005
Cayman Islands,-,-,2005
Chile,-,-,2005
China,-,-,2005
Cyprus,-,-,2005
Singapore,-,-,2005
Cocos (Keeling) Islands,-,-,2005
Colombia,312,463,2005
Comoros,-,-,2005
Congo,-,-,2005
South Korea,-,-,2005
Côte d'Ivoire,-,-,2005
Costa Rica,-,-,2005
Croatia,-,-,2005
Cuba,-,-,2005
Curacao,-,-,2005
Denmark,29.172,29.405,2005
Dominica,-,-,2005
El Salvador,-,-,2005
Saudi Arabia,-,-,2005
Ecuador,-,-,2005
Slovakia,-,-,2005
Spain,-,-,2005
US,338.497,588.568,2005
Estonia,-,-,2005
Philippines,-,-,2005
Finland,16.830,33.286,2005
France,91.166,240.529,2005
Ghana,95,525,2005
Gibraltar,-,-,2005
Grenada,-,-,2005
Greece,-,-,2005
Guatemala,-,-,2005
Guyana,-,-,2005
French Guiana,-,-,2005
Guinea-Bissau,13.000,11.182,2005
Equatorial Guinea,-,-,2005
Haiti,-,-,2005
Honduras,-,-,2005
Hong Kong,-,-,2005
Hungary,-,-,2005
Isle of Man,-,-,2005
Virgin Islands,-,-,2005
India,-,-,2005
Indonesia,-,-,2005
Iran,-,-,2005
Iraq,-,-,2005
Ireland,-,-,2005
Italy,54.953,79.397,2005
Jamaica,-,-,2005
Japan,561.411,249.932,2005
Jordan,-,-,2005
Latvia,-,-,2005
Lebanon,-,-,2005
Liberia,-,-,2005
Luxembourg,5.850,23.842,2005
Malaysia,-,-,2005
Malta,-,-,2005
Marshall Islands,-,-,2005
Mauritania,-,-,2005
Mexico,-,-,2005
Mozambique,-,-,2005
Montenegro,-,-,2005
Namibia,-,-,2005
Nicaragua,-,-,2005
Nigeria,2.025,2.600,2005
Norway,22.361,42.270,2005
New Caledonia,-,-,2005
New Zealand,-,-,2005
Oman,-,-,2005
Netherlands,17.688,22.385,2005
Panama,1.125,1.213,2005
Paraguay,1.967.909,714.154,2005
Peru,-,-,2005
Poland,9.909,10.184,2005
Puerto Rico,-,-,2005
Portugal,17.741,28.733,2005
Kenya,7.661,31.314,2005
UK,6.102,25.225,2005
Dominican Republic,50,1.188,2005
Rússia,177.600,71.988,2005
Sao Tome and Principe,-,-,2005
Saint Vincent and the Grenadines,-,-,2005
Senegal,-,-,2005
Sierra Leone,-,-,2005
Singapore,-,-,2005
Eswatini,-,-,2005
Sweden,-,-,2005
Switzerland,22.217,48.532,2005
Suriname,-,-,2005
Thailand,-,-,2005
Taiwan,-,-,2005
Tanzânia,-,-,2005
Czech Republic,65.180,129.082,2005
Togo,-,-,2005
Trinidad and Tobago,54,60,2005
Tunísia,-,-,2005
Turkey,-,-,2005
Tuvalu,-,-,2005
Uruguay,-,-,2005
Vanuatu,-,-,2005
Venezuela,-,-,2005
Vietnam,-,-,2005
Afghanistan,-,-,2006
South Africa,-,-,2006
Germany,38.302,89.231,2006
Angola,3.766,18.293,2006
Anguilla,-,-,2006
Antigua and Barbuda,-,-,2006
Caribbean Netherlands,19.116,24.419,2006
Argentina,-,-,2006
Aruba,-,-,2006
Australia,-,-,2006
Austria,-,-,2006
Bahamas,-,-,2006
Bangladesh,-,-,2006
Barbados,-,-,2006
Bahrain,-,-,2006
Belgium,56.571,52.799,2006
Belize,-,-,2006
Benin,10.350,12.075,2006
Bolivia,5.822,6.961,2006
Bosnia,-,-,2006
Brazil,-,-,2006
Bulgaria,-,-,2006
Republic of Cabo Verde,-,-,2006
Cameroon,-,-,2006
Canada,450,2.202,2006
Qatar,-,-,2006
Cayman Islands,-,-,2006
Chile,1.988,2.893,2006
China,-,-,2006
Cyprus,134,96,2006
Singapore,-,-,2006
Cocos (Keeling) Islands,-,-,2006
Colombia,-,-,2006
Comoros,-,-,2006
Congo,-,-,2006
South Korea,-,-,2006
Côte d'Ivoire,-,-,2006
Costa Rica,-,-,2006
Croatia,-,-,2006
Cuba,-,-,2006
Curacao,-,-,2006
Denmark,2.805,8.417,2006
Dominica,-,-,2006
El Salvador,-,-,2006
Saudi Arabia,363,1.446,2006
Ecuador,-,-,2006
Slovakia,-,-,2006
Spain,-,-,2006
US,392.590,591.729,2006
Estonia,1.974,4.581,2006
Philippines,-,-,2006
Finland,11.088,7.920,2006
France,17.010,34.838,2006
Ghana,-,-,2006
Gibraltar,-,-,2006
Grenada,-,-,2006
Greece,142,1.535,2006
Guatemala,-,-,2006
Guyana,-,-,2006
French Guiana,-,-,2006
Guinea-Bissau,-,-,2006
Equatorial Guinea,-,-,2006
Haiti,-,-,2006
Honduras,-,-,2006
Hong Kong,-,-,2006
Hungary,-,-,2006
Isle of Man,-,-,2006
Virgin Islands,-,-,2006
India,14,33,2006
Indonesia,-,-,2006
Iran,-,-,2006
Iraq,-,-,2006
Ireland,-,-,2006
Italy,2.709,5.423,2006
Jamaica,-,-,2006
Japan,325.031,240.334,2006
Jordan,-,-,2006
Latvia,-,-,2006
Lebanon,-,-,2006
Liberia,-,-,2006
Luxembourg,1.220,5.354,2006
Malaysia,-,-,2006
Malta,-,-,2006
Marshall Islands,-,-,2006
Mauritania,-,-,2006
Mexico,-,-,2006
Mozambique,-,-,2006
Montenegro,-,-,2006
Namibia,-,-,2006
Nicaragua,-,-,2006
Nigeria,-,-,2006
Norway,-,-,2006
New Caledonia,-,-,2006
New Zealand,-,-,2006
Oman,-,-,2006
Netherlands,451,1.898,2006
Panama,13,55,2006
Paraguay,1.947.106,873.636,2006
Peru,-,-,2006
Poland,-,-,2006
Puerto Rico,-,-,2006
Portugal,17.732,13.200,2006
Kenya,10.600,15.069,2006
UK,38.281,49.826,2006
Dominican Republic,-,-,2006
Rússia,334.200,164.744,2006
Sao Tome and Principe,-,-,2006
Saint Vincent and the Grenadines,-,-,2006
Senegal,-,-,2006
Sierra Leone,-,-,2006
Singapore,-,-,2006
Eswatini,-,-,2006
Sweden,16.120,12.000,2006
Switzerland,131.073,305.131,2006
Suriname,1.000,2.325,2006
Thailand,-,-,2006
Taiwan,-,-,2006
Tanzânia,-,-,2006
Czech Republic,24.250,105.576,2006
Togo,24,21,2006
Trinidad and Tobago,-,-,2006
Tunísia,-,-,2006
Turkey,-,-,2006
Tuvalu,-,-,2006
Uruguay,1.008,1.685,2006
Vanuatu,-,-,2006
Venezuela,-,-,2006
Vietnam,2.013,2.362,2006
Afghanistan,-,-,2007
South Africa,-,-,2007
Germany,119.512,238.052,2007
Angola,25.931,49.753,2007
Anguilla,-,-,2007
Antigua and Barbuda,-,-,2007
Caribbean Netherlands,17.025,17.949,2007
Argentina,-,-,2007
Aruba,-,-,2007
Australia,60,281,2007
Austria,-,-,2007
Bahamas,-,-,2007
Bangladesh,-,-,2007
Barbados,-,-,2007
Bahrain,-,-,2007
Belgium,1.077,3.751,2007
Belize,-,-,2007
Benin,-,-,2007
Bolivia,4.985,3.550,2007
Bosnia,-,-,2007
Brazil,-,-,2007
Bulgaria,-,-,2007
Republic of Cabo Verde,-,-,2007
Cameroon,-,-,2007
Canada,4.172,18.838,2007
Qatar,-,-,2007
Cayman Islands,-,-,2007
Chile,60.930,67.353,2007
China,7.638,30.390,2007
Cyprus,-,-,2007
Singapore,7.270,17.864,2007
Cocos (Keeling) Islands,-,-,2007
Colombia,-,-,2007
Comoros,-,-,2007
Congo,-,-,2007
South Korea,1.012,4.650,2007
Côte d'Ivoire,-,-,2007
Costa Rica,-,-,2007
Croatia,-,-,2007
Cuba,2.669,5.118,2007
Curacao,-,-,2007
Denmark,3.480,11.176,2007
Dominica,-,-,2007
El Salvador,-,-,2007
Saudi Arabia,-,-,2007
Ecuador,2.700,3.585,2007
Slovakia,-,-,2007
Spain,-,-,2007
US,479.269,810.038,2007
Estonia,77.697,54.056,2007
Philippines,-,-,2007
Finland,-,-,2007
France,6.349,11.231,2007
Ghana,-,-,2007
Gibraltar,-,-,2007
Grenada,-,-,2007
Greece,-,-,2007
Guatemala,-,-,2007
Guyana,-,-,2007
French Guiana,-,-,2007
Guinea-Bissau,-,-,2007
Equatorial Guinea,-,-,2007
Haiti,-,-,2007
Honduras,-,-,2007
Hong Kong,-,-,2007
Hungary,-,-,2007
Isle of Man,-,-,2007
Virgin Islands,-,-,2007
India,-,-,2007
Indonesia,-,-,2007
Iran,-,-,2007
Iraq,-,-,2007
Ireland,-,-,2007
Italy,7.209,19.860,2007
Jamaica,-,-,2007
Japan,357.943,316.867,2007
Jordan,-,-,2007
Latvia,-,-,2007
Lebanon,-,-,2007
Liberia,-,-,2007
Luxembourg,785,2.033,2007
Malaysia,-,-,2007
Malta,-,-,2007
Marshall Islands,-,-,2007
Mauritania,-,-,2007
Mexico,2.453,15.425,2007
Mozambique,-,-,2007
Montenegro,-,-,2007
Namibia,-,-,2007
Nicaragua,-,-,2007
Nigeria,-,-,2007
Norway,10.044,10.044,2007
New Caledonia,-,-,2007
New Zealand,-,-,2007
Oman,-,-,2007
Netherlands,181.046,364.751,2007
Panama,810,1.030,2007
Paraguay,1.285.459,801.519,2007
Peru,-,-,2007
Poland,-,-,2007
Puerto Rico,-,-,2007
Portugal,109.074,165.282,2007
Kenya,10.600,13.860,2007
UK,84.613,144.244,2007
Dominican Republic,601,2.438,2007
Rússia,266.400,173.160,2007
Sao Tome and Principe,-,-,2007
Saint Vincent and the Grenadines,-,-,2007
Senegal,-,-,2007
Sierra Leone,-,-,2007
Singapore,-,-,2007
Eswatini,-,-,2007
Sweden,919,2.448,2007
Switzerland,26.090,70.716,2007
Suriname,2.700,4.603,2007
Thailand,839,2.020,2007
Taiwan,6.377,11.214,2007
Tanzânia,-,-,2007
Czech Republic,85.303,189.620,2007
Togo,11,11,2007
Trinidad and Tobago,-,-,2007
Tunísia,-,-,2007
Turkey,-,-,2007
Tuvalu,-,-,2007
Uruguay,-,-,2007
Vanuatu,-,-,2007
Venezuela,20.700,27.370,2007
Vietnam,-,-,2007
Afghanistan,-,-,2008
South Africa,-,-,2008
Germany,265.742,429.970,2008
Angola,25.721,71.083,2008
Anguilla,-,-,2008
Antigua and Barbuda,-,-,2008
Caribbean Netherlands,17.938,22.908,2008
Argentina,-,-,2008
Aruba,-,-,2008
Australia,218.726,99.280,2008
Austria,-,-,2008
Bahamas,-,-,2008
Bangladesh,-,-,2008
Barbados,-,-,2008
Bahrain,-,-,2008
Belgium,3.523,12.969,2008
Belize,-,-,2008
Benin,10.350,17.423,2008
Bolivia,3.979,3.990,2008
Bosnia,-,-,2008
Brazil,-,-,2008
Bulgaria,-,-,2008
Republic of Cabo Verde,-,-,2008
Cameroon,-,-,2008
Canada,20.949,80.476,2008
Qatar,-,-,2008
Cayman Islands,-,-,2008
Chile,-,-,2008
China,8.689,25.926,2008
Cyprus,-,-,2008
Singapore,1.233,4.699,2008
Cocos (Keeling) Islands,-,-,2008
Colombia,-,-,2008
Comoros,-,-,2008
Congo,-,-,2008
South Korea,3.520,14.366,2008
Côte d'Ivoire,-,-,2008
Costa Rica,55,200,2008
Croatia,-,-,2008
Cuba,-,-,2008
Curacao,-,-,2008
Denmark,518,15.905,2008
Dominica,-,-,2008
El Salvador,-,-,2008
Saudi Arabia,2.437,12.298,2008
Ecuador,-,-,2008
Slovakia,585,16.063,2008
Spain,2.942,6.834,2008
US,443.895,804.607,2008
Estonia,4.114,9.730,2008
Philippines,-,-,2008
Finland,-,-,2008
France,11.078,27.500,2008
Ghana,18.168,25.642,2008
Gibraltar,-,-,2008
Grenada,-,-,2008
Greece,-,-,2008
Guatemala,-,-,2008
Guyana,-,-,2008
French Guiana,-,-,2008
Guinea-Bissau,-,-,2008
Equatorial Guinea,548,1.417,2008
Haiti,20,20,2008
Honduras,162,580,2008
Hong Kong,2.430,13.460,2008
Hungary,-,-,2008
Isle of Man,-,-,2008
Virgin Islands,-,-,2008
India,-,-,2008
Indonesia,-,-,2008
Iran,-,-,2008
Iraq,-,-,2008
Ireland,-,-,2008
Italy,-,-,2008
Jamaica,-,-,2008
Japan,232.293,178.333,2008
Jordan,-,-,2008
Latvia,-,-,2008
Lebanon,-,-,2008
Liberia,-,-,2008
Luxembourg,13.606,42.341,2008
Malaysia,-,-,2008
Malta,-,-,2008
Marshall Islands,-,-,2008
Mauritania,-,-,2008
Mexico,-,-,2008
Mozambique,-,-,2008
Montenegro,-,-,2008
Namibia,340,722,2008
Nicaragua,-,-,2008
Nigeria,7.560,10.920,2008
Norway,-,-,2008
New Caledonia,-,-,2008
New Zealand,-,-,2008
Oman,-,-,2008
Netherlands,340.412,783.635,2008
Panama,1.161,1.882,2008
Paraguay,2.191.901,1.374.088,2008
Peru,-,-,2008
Poland,20.290,58.353,2008
Puerto Rico,-,-,2008
Portugal,49.090,48.942,2008
Kenya,-,-,2008
UK,100.097,155.076,2008
Dominican Republic,-,-,2008
Rússia,6.207.658,2.352.768,2008
Sao Tome and Principe,-,-,2008
Saint Vincent and the Grenadines,-,-,2008
Senegal,-,-,2008
Sierra Leone,-,-,2008
Singapore,-,-,2008
Eswatini,-,-,2008
Sweden,26.984,84.564,2008
Switzerland,54.384,216.317,2008
Suriname,900,1.625,2008
Thailand,-,-,2008
Taiwan,10.030,18.679,2008
Tanzânia,-,-,2008
Czech Republic,17.135,64.709,2008
Togo,5.160,7.800,2008
Trinidad and Tobago,-,-,2008
Tunísia,-,-,2008
Turkey,-,-,2008
Tuvalu,-,-,2008
Uruguay,-,-,2008
Vanuatu,-,-,2008
Venezuela,-,-,2008
Vietnam,-,-,2008
Afghanistan,-,-,2009
South Africa,-,-,2009
Germany,225.086,393.482,2009
Angola,54.786,84.235,2009
Anguilla,-,-,2009
Antigua and Barbuda,-,-,2009
Caribbean Netherlands,8.235,10.651,2009
Argentina,162,4.523,2009
Aruba,-,-,2009
Australia,1.014,9.195,2009
Austria,-,-,2009
Bahamas,-,-,2009
Bangladesh,-,-,2009
Barbados,-,-,2009
Bahrain,-,-,2009
Belgium,125.962,58.764,2009
Belize,-,-,2009
Benin,-,-,2009
Bolivia,40.463,20.729,2009
Bosnia,-,-,2009
Brazil,-,-,2009
Bulgaria,-,-,2009
Republic of Cabo Verde,-,-,2009
Cameroon,-,-,2009
Canada,15.664,73.445,2009
Qatar,-,-,2009
Cayman Islands,-,-,2009
Chile,1.475,4.297,2009
China,1.553.416,482.400,2009
Cyprus,-,-,2009
Singapore,2.419,6.110,2009
Cocos (Keeling) Islands,-,-,2009
Colombia,-,-,2009
Comoros,-,-,2009
Congo,-,-,2009
South Korea,-,-,2009
Côte d'Ivoire,-,-,2009
Costa Rica,-,-,2009
Croatia,-,-,2009
Cuba,-,-,2009
Curacao,-,-,2009
Denmark,1.980,21.780,2009
Dominica,-,-,2009
El Salvador,55,100,2009
Saudi Arabia,1.398,4.032,2009
Ecuador,-,-,2009
Slovakia,-,-,2009
Spain,2.181,4.050,2009
US,372.319,660.066,2009
Estonia,5.438,10.802,2009
Philippines,-,-,2009
Finland,-,-,2009
France,-,-,2009
Ghana,-,-,2009
Gibraltar,-,-,2009
Grenada,-,-,2009
Greece,-,-,2009
Guatemala,20,20,2009
Guyana,-,-,2009
French Guiana,-,-,2009
Guinea-Bissau,-,-,2009
Equatorial Guinea,169,272,2009
Haiti,4.500,5.863,2009
Honduras,14,30,2009
Hong Kong,50.319,27.188,2009
Hungary,-,-,2009
Isle of Man,-,-,2009
Virgin Islands,-,-,2009
India,-,-,2009
Indonesia,-,-,2009
Iran,-,-,2009
Iraq,-,-,2009
Ireland,-,-,2009
Italy,1.817,5.251,2009
Jamaica,-,-,2009
Japan,217.974,283.436,2009
Jordan,-,-,2009
Latvia,-,-,2009
Lebanon,-,-,2009
Liberia,-,-,2009
Luxembourg,7.845,42.124,2009
Malaysia,-,-,2009
Malta,-,-,2009
Marshall Islands,-,-,2009
Mauritania,-,-,2009
Mexico,-,-,2009
Mozambique,-,-,2009
Montenegro,-,-,2009
Namibia,-,-,2009
Nicaragua,24,24,2009
Nigeria,41,115,2009
Norway,-,-,2009
New Caledonia,-,-,2009
New Zealand,-,-,2009
Oman,-,-,2009
Netherlands,171.654,136.991,2009
Panama,24,30,2009
Paraguay,486.927,392.087,2009
Peru,-,-,2009
Poland,6.982,35.797,2009
Puerto Rico,-,-,2009
Portugal,141.000,168.923,2009
Kenya,-,-,2009
UK,30.092,68.788,2009
Dominican Republic,-,-,2009
Rússia,21.912.914,5.732.280,2009
Sao Tome and Principe,-,-,2009
Saint Vincent and the Grenadines,-,-,2009
Senegal,-,-,2009
Sierra Leone,-,-,2009
Singapore,-,-,2009
Eswatini,-,-,2009
Sweden,28.334,52.826,2009
Switzerland,27.653,81.319,2009
Suriname,3.830,12.918,2009
Thailand,-,-,2009
Taiwan,-,-,2009
Tanzânia,-,-,2009
Czech Republic,9.269,43.902,2009
Togo,-,-,2009
Trinidad and Tobago,-,-,2009
Tunísia,-,-,2009
Turkey,-,-,2009
Tuvalu,-,-,2009
Uruguay,-,-,2009
Vanuatu,-,-,2009
Venezuela,-,-,2009
Vietnam,743,2.143,2009
Afghanistan,-,-,2010
South Africa,-,-,2010
Germany,27.715,138.666,2010
Angola,33.557,189.891,2010
Anguilla,-,-,2010
Antigua and Barbuda,-,-,2010
Caribbean Netherlands,9.810,12.808,2010
Argentina,-,-,2010
Aruba,-,-,2010
Australia,1.823,17.960,2010
Austria,-,-,2010
Bahamas,3.175,12.759,2010
Bangladesh,-,-,2010
Barbados,-,-,2010
Bahrain,-,-,2010
Belgium,42.532,185.411,2010
Belize,-,-,2010
Benin,-,-,2010
Bolivia,54,282,2010
Bosnia,-,-,2010
Brazil,-,-,2010
Bulgaria,-,-,2010
Republic of Cabo Verde,11.991,49.366,2010
Cameroon,-,-,2010
Canada,-,-,2010
Qatar,-,-,2010
Cayman Islands,-,-,2010
Chile,-,-,2010
China,795,2.358,2010
Cyprus,-,-,2010
Singapore,1.533,5.504,2010
Cocos (Keeling) Islands,-,-,2010
Colombia,-,-,2010
Comoros,-,-,2010
Congo,-,-,2010
South Korea,-,-,2010
Côte d'Ivoire,-,-,2010
Costa Rica,-,-,2010
Croatia,-,-,2010
Cuba,-,-,2010
Curacao,-,-,2010
Denmark,7.034,69.161,2010
Dominica,-,-,2010
El Salvador,-,-,2010
Saudi Arabia,1.035,3.206,2010
Ecuador,-,-,2010
Slovakia,-,-,2010
Spain,-,-,2010
US,228.968,478.630,2010
Estonia,15.848,40.778,2010
Philippines,-,-,2010
Finland,-,-,2010
France,3.614,18.904,2010
Ghana,-,-,2010
Gibraltar,-,-,2010
Grenada,-,-,2010
Greece,-,-,2010
Guatemala,-,-,2010
Guyana,783,3.654,2010
French Guiana,-,-,2010
Guinea-Bissau,-,-,2010
Equatorial Guinea,410,1.015,2010
Haiti,2.700,3.750,2010
Honduras,-,-,2010
Hong Kong,-,-,2010
Hungary,540,4.103,2010
Isle of Man,-,-,2010
Virgin Islands,-,-,2010
India,-,-,2010
Indonesia,-,-,2010
Iran,-,-,2010
Iraq,-,-,2010
Ireland,3.969,42.795,2010
Italy,1.458,4.828,2010
Jamaica,-,-,2010
Japan,112.178,74.628,2010
Jordan,-,-,2010
Latvia,-,-,2010
Lebanon,-,-,2010
Liberia,-,-,2010
Luxembourg,7.344,32.549,2010
Malaysia,-,-,2010
Malta,-,-,2010
Marshall Islands,-,-,2010
Mauritania,-,-,2010
Mexico,-,-,2010
Mozambique,-,-,2010
Montenegro,-,-,2010
Namibia,-,-,2010
Nicaragua,-,-,2010
Nigeria,-,-,2010
Norway,-,-,2010
New Caledonia,-,-,2010
New Zealand,-,-,2010
Oman,-,-,2010
Netherlands,87.368,302.182,2010
Panama,-,-,2010
Paraguay,510.989,449.197,2010
Peru,-,-,2010
Poland,20.464,95.198,2010
Puerto Rico,-,-,2010
Portugal,4.577,18.970,2010
Kenya,-,-,2010
UK,123.624,295.690,2010
Dominican Republic,-,-,2010
Rússia,-,-,2010
Sao Tome and Principe,-,-,2010
Saint Vincent and the Grenadines,-,-,2010
Senegal,-,-,2010
Sierra Leone,-,-,2010
Singapore,-,-,2010
Eswatini,-,-,2010
Sweden,-,-,2010
Switzerland,2.025,21.600,2010
Suriname,1.836,1.269,2010
Thailand,-,-,2010
Taiwan,-,-,2010
Tanzânia,-,-,2010
Czech Republic,1.091,5.285,2010
Togo,-,-,2010
Trinidad and Tobago,-,-,2010
Tunísia,-,-,2010
Turkey,-,-,2010
Tuvalu,-,-,2010
Uruguay,914,2.929,2010
Vanuatu,-,-,2010
Venezuela,-,-,2010
Vietnam,8.820,9.977,2010
Afghanistan,-,-,2011
South Africa,-,-,2011
Germany,36.070,144.150,2011
Angola,13.889,69.001,2011
Anguilla,-,-,2011
Antigua and Barbuda,-,-,2011
Caribbean Netherlands,7.335,10.188,2011
Argentina,13.253,55.460,2011
Aruba,900,1.680,2011
Australia,3.632,40.704,2011
Austria,-,-,2011
Bahamas,4.529,28.810,2011
Bangladesh,-,-,2011
Barbados,-,-,2011
Bahrain,-,-,2011
Belgium,11.802,62.339,2011
Belize,-,-,2011
Benin,-,-,2011
Bolivia,12.775,20.215,2011
Bosnia,-,-,2011
Brazil,-,-,2011
Bulgaria,-,-,2011
Republic of Cabo Verde,600,825,2011
Cameroon,-,-,2011
Canada,28.906,128.076,2011
Qatar,-,-,2011
Cayman Islands,-,-,2011
Chile,-,-,2011
China,54.156,334.867,2011
Cyprus,-,-,2011
Singapore,911,3.317,2011
Cocos (Keeling) Islands,-,-,2011
Colombia,-,-,2011
Comoros,-,-,2011
Congo,360,570,2011
South Korea,-,-,2011
Côte d'Ivoire,-,-,2011
Costa Rica,-,-,2011
Croatia,-,-,2011
Cuba,2.880,4.899,2011
Curacao,-,-,2011
Denmark,32.797,83.057,2011
Dominica,-,-,2011
El Salvador,-,-,2011
Saudi Arabia,2.120,6.594,2011
Ecuador,-,-,2011
Slovakia,-,-,2011
Spain,5.206,24.618,2011
US,306.787,1.030.254,2011
Estonia,450,5.336,2011
Philippines,-,-,2011
Finland,12.404,50.394,2011
France,-,-,2011
Ghana,-,-,2011
Gibraltar,-,-,2011
Grenada,-,-,2011
Greece,-,-,2011
Guatemala,-,-,2011
Guyana,-,-,2011
French Guiana,-,-,2011
Guinea-Bissau,-,-,2011
Equatorial Guinea,956,1.979,2011
Haiti,-,-,2011
Honduras,-,-,2011
Hong Kong,2.063,7.975,2011
Hungary,-,-,2011
Isle of Man,-,-,2011
Virgin Islands,-,-,2011
India,-,-,2011
Indonesia,-,-,2011
Iran,-,-,2011
Iraq,-,-,2011
Ireland,5.376,35.690,2011
Italy,11.999,80.298,2011
Jamaica,-,-,2011
Japan,100.835,144.662,2011
Jordan,-,-,2011
Latvia,-,-,2011
Lebanon,-,-,2011
Liberia,-,-,2011
Luxembourg,9.547,65.592,2011
Malaysia,-,-,2011
Malta,-,-,2011
Marshall Islands,-,-,2011
Mauritania,-,-,2011
Mexico,1.350,7.200,2011
Mozambique,-,-,2011
Montenegro,-,-,2011
Namibia,-,-,2011
Nicaragua,-,-,2011
Nigeria,54,210,2011
Norway,10.268,78.688,2011
New Caledonia,-,-,2011
New Zealand,2.587,7.992,2011
Oman,-,-,2011
Netherlands,125.414,395.356,2011
Panama,-,-,2011
Paraguay,240.168,276.281,2011
Peru,-,-,2011
Poland,11.732,50.684,2011
Puerto Rico,-,-,2011
Portugal,95,1.031,2011
Kenya,-,-,2011
UK,122.629,285.642,2011
Dominican Republic,-,-,2011
Rússia,-,-,2011
Sao Tome and Principe,-,-,2011
Saint Vincent and the Grenadines,-,-,2011
Senegal,-,-,2011
Sierra Leone,-,-,2011
Singapore,-,-,2011
Eswatini,-,-,2011
Sweden,1.641,14.476,2011
Switzerland,-,-,2011
Suriname,3.774,3.735,2011
Thailand,-,-,2011
Taiwan,4.500,10.600,2011
Tanzânia,-,-,2011
Czech Republic,6.846,37.271,2011
Togo,-,-,2011
Trinidad and Tobago,-,-,2011
Tunísia,-,-,2011
Turkey,-,-,2011
Tuvalu,-,-,2011
Uruguay,1.238,4.404,2011
Vanuatu,-,-,2011
Venezuela,-,-,2011
Vietnam,-,-,2011
Afghanistan,-,-,2012
South Africa,-,-,2012
Germany,8.189,56.342,2012
Angola,2.833,8.861,2012
Anguilla,-,-,2012
Antigua and Barbuda,-,-,2012
Caribbean Netherlands,9.247,14.081,2012
Argentina,-,-,2012
Aruba,-,-,2012
Australia,9.345,56.045,2012
Austria,-,-,2012
Bahamas,1.374,12.087,2012
Bangladesh,-,-,2012
Barbados,-,-,2012
Bahrain,-,-,2012
Belgium,16.132,90.718,2012
Belize,-,-,2012
Benin,-,-,2012
Bolivia,11.868,16.804,2012
Bosnia,-,-,2012
Brazil,-,-,2012
Bulgaria,-,-,2012
Republic of Cabo Verde,-,-,2012
Cameroon,-,-,2012
Canada,14.304,146.035,2012
Qatar,-,-,2012
Cayman Islands,-,-,2012
Chile,8.550,15.438,2012
China,87.905,642.177,2012
Cyprus,-,-,2012
Singapore,1.212,5.310,2012
Cocos (Keeling) Islands,-,-,2012
Colombia,-,-,2012
Comoros,-,-,2012
Congo,-,-,2012
South Korea,-,-,2012
Côte d'Ivoire,-,-,2012
Costa Rica,-,-,2012
Croatia,-,-,2012
Cuba,-,-,2012
Curacao,-,-,2012
Denmark,4.716,23.802,2012
Dominica,-,-,2012
El Salvador,-,-,2012
Saudi Arabia,675,3.300,2012
Ecuador,-,-,2012
Slovakia,-,-,2012
Spain,-,-,2012
US,146.585,303.986,2012
Estonia,3.321,19.384,2012
Philippines,-,-,2012
Finland,17.100,67.959,2012
France,195.604,185.791,2012
Ghana,-,-,2012
Gibraltar,-,-,2012
Grenada,-,-,2012
Greece,-,-,2012
Guatemala,-,-,2012
Guyana,-,-,2012
French Guiana,-,-,2012
Guinea-Bissau,-,-,2012
Equatorial Guinea,819,2.530,2012
Haiti,-,-,2012
Honduras,-,-,2012
Hong Kong,1.609,7.653,2012
Hungary,-,-,2012
Isle of Man,-,-,2012
Virgin Islands,-,-,2012
India,-,-,2012
Indonesia,-,-,2012
Iran,-,-,2012
Iraq,-,-,2012
Ireland,-,-,2012
Italy,792,5.622,2012
Jamaica,-,-,2012
Japan,29.281,116.961,2012
Jordan,-,-,2012
Latvia,-,-,2012
Lebanon,-,-,2012
Liberia,-,-,2012
Luxembourg,2.444,16.547,2012
Malaysia,-,-,2012
Malta,-,-,2012
Marshall Islands,-,-,2012
Mauritania,-,-,2012
Mexico,-,-,2012
Mozambique,-,-,2012
Montenegro,-,-,2012
Namibia,-,-,2012
Nicaragua,-,-,2012
Nigeria,6.449,10.196,2012
Norway,5.104,31.515,2012
New Caledonia,-,-,2012
New Zealand,2.364,8.817,2012
Oman,-,-,2012
Netherlands,134.879,539.641,2012
Panama,39,2.262,2012
Paraguay,354.824,428.279,2012
Peru,-,-,2012
Poland,21.663,89.158,2012
Puerto Rico,-,-,2012
Portugal,47.172,47.022,2012
Kenya,94,458,2012
UK,82.937,334.856,2012
Dominican Republic,-,-,2012
Rússia,4.528.176,2.103.968,2012
Sao Tome and Principe,-,-,2012
Saint Vincent and the Grenadines,-,-,2012
Senegal,-,-,2012
Sierra Leone,-,-,2012
Singapore,-,-,2012
Eswatini,-,-,2012
Sweden,2.705,17.280,2012
Switzerland,4.014,47.240,2012
Suriname,396,1.288,2012
Thailand,-,-,2012
Taiwan,-,-,2012
Tanzânia,-,-,2012
Czech Republic,7.960,27.789,2012
Togo,-,-,2012
Trinidad and Tobago,531,2.720,2012
Tunísia,-,-,2012
Turkey,-,-,2012
Tuvalu,-,-,2012
Uruguay,1.135,3.879,2012
Vanuatu,-,-,2012
Venezuela,1.029,7.492,2012
Vietnam,-,-,2012
Afghanistan,-,-,2013
South Africa,-,-,2013
Germany,61.699,265.978,2013
Angola,1.573,9.300,2013
Anguilla,-,-,2013
Antigua and Barbuda,-,-,2013
Caribbean Netherlands,11.281,19.565,2013
Argentina,-,-,2013
Aruba,-,-,2013
Australia,16.707,101.715,2013
Austria,-,-,2013
Bahamas,581,5.145,2013
Bangladesh,-,-,2013
Barbados,-,-,2013
Bahrain,-,-,2013
Belgium,22.461,95.893,2013
Belize,-,-,2013
Benin,-,-,2013
Bolivia,19.147,25.998,2013
Bosnia,-,-,2013
Brazil,-,-,2013
Bulgaria,-,-,2013
Republic of Cabo Verde,-,-,2013
Cameroon,-,-,2013
Canada,25.329,174.643,2013
Qatar,-,-,2013
Cayman Islands,-,-,2013
Chile,-,-,2013
China,40.929,279.956,2013
Cyprus,-,-,2013
Singapore,766,5.779,2013
Cocos (Keeling) Islands,-,-,2013
Colombia,8,30,2013
Comoros,-,-,2013
Congo,-,-,2013
South Korea,-,-,2013
Côte d'Ivoire,-,-,2013
Costa Rica,-,-,2013
Croatia,-,-,2013
Cuba,-,-,2013
Curacao,-,-,2013
Denmark,17.892,101.915,2013
Dominica,-,-,2013
El Salvador,-,-,2013
Saudi Arabia,-,-,2013
Ecuador,-,-,2013
Slovakia,-,-,2013
Spain,1.972.980,3.748.940,2013
US,245.368,786.556,2013
Estonia,-,-,2013
Philippines,-,-,2013
Finland,36.682,283.114,2013
France,6.885,42.256,2013
Ghana,-,-,2013
Gibraltar,-,-,2013
Grenada,-,-,2013
Greece,-,-,2013
Guatemala,-,-,2013
Guyana,-,-,2013
French Guiana,-,-,2013
Guinea-Bissau,-,-,2013
Equatorial Guinea,1.108,5.336,2013
Haiti,-,-,2013
Honduras,-,-,2013
Hong Kong,16.013,61.224,2013
Hungary,-,-,2013
Isle of Man,-,-,2013
Virgin Islands,-,-,2013
India,-,-,2013
Indonesia,-,-,2013
Iran,-,-,2013
Iraq,-,-,2013
Ireland,-,-,2013
Italy,1.710,11.967,2013
Jamaica,-,-,2013
Japan,91.988,429.088,2013
Jordan,-,-,2013
Latvia,-,-,2013
Lebanon,-,-,2013
Liberia,-,-,2013
Luxembourg,5.135,29.474,2013
Malaysia,-,-,2013
Malta,-,-,2013
Marshall Islands,-,-,2013
Mauritania,-,-,2013
Mexico,-,-,2013
Mozambique,-,-,2013
Montenegro,-,-,2013
Namibia,-,-,2013
Nicaragua,-,-,2013
Nigeria,1.350,2.245,2013
Norway,2.375,19.008,2013
New Caledonia,-,-,2013
New Zealand,1.004,4.092,2013
Oman,-,-,2013
Netherlands,57.792,255.690,2013
Panama,-,-,2013
Paraguay,481.564,680.828,2013
Peru,-,-,2013
Poland,19.249,90.960,2013
Puerto Rico,-,-,2013
Portugal,23.810,17.627,2013
Kenya,6,4,2013
UK,59.161,305.005,2013
Dominican Republic,-,-,2013
Rússia,5.893.291,14.795.694,2013
Sao Tome and Principe,-,-,2013
Saint Vincent and the Grenadines,-,-,2013
Senegal,-,-,2013
Sierra Leone,-,-,2013
Singapore,-,-,2013
Eswatini,-,-,2013
Sweden,3.195,20.183,2013
Switzerland,2.997,29.785,2013
Suriname,1.800,2.960,2013
Thailand,-,-,2013
Taiwan,-,-,2013
Tanzânia,-,-,2013
Czech Republic,3.697,23.549,2013
Togo,-,-,2013
Trinidad and Tobago,-,-,2013
Tunísia,-,-,2013
Turkey,-,-,2013
Tuvalu,-,-,2013
Uruguay,1.526,13.343,2013
Vanuatu,-,-,2013
Venezuela,-,-,2013
Vietnam,-,-,2013
Afghanistan,-,-,2014
South Africa,-,-,2014
Germany,213.348,761.653,2014
Angola,12.182,23.124,2014
Anguilla,-,-,2014
Antigua and Barbuda,-,-,2014
Caribbean Netherlands,4.455,7.169,2014
Argentina,20.385,95.130,2014
Aruba,450,755,2014
Australia,6.308,43.709,2014
Austria,-,-,2014
Bahamas,-,-,2014
Bangladesh,-,-,2014
Barbados,-,-,2014
Bahrain,-,-,2014
Belgium,151.320,704.093,2014
Belize,-,-,2014
Benin,-,-,2014
Bolivia,12.534,18.303,2014
Bosnia,-,-,2014
Brazil,-,-,2014
Bulgaria,-,-,2014
Republic of Cabo Verde,-,-,2014
Cameroon,-,-,2014
Canada,35.082,226.875,2014
Qatar,-,-,2014
Cayman Islands,-,-,2014
Chile,-,-,2014
China,64.040,455.340,2014
Cyprus,-,-,2014
Singapore,541,3.887,2014
Cocos (Keeling) Islands,-,-,2014
Colombia,-,-,2014
Comoros,-,-,2014
Congo,-,-,2014
South Korea,-,-,2014
Côte d'Ivoire,-,-,2014
Costa Rica,-,-,2014
Croatia,-,-,2014
Cuba,38.875,43.200,2014
Curacao,-,-,2014
Denmark,3.240,16.871,2014
Dominica,-,-,2014
El Salvador,-,-,2014
Saudi Arabia,640,3.381,2014
Ecuador,-,-,2014
Slovakia,-,-,2014
Spain,-,-,2014
US,222.267,494.216,2014
Estonia,-,-,2014
Philippines,-,-,2014
Finland,12.960,94.962,2014
France,33.755,167.807,2014
Ghana,-,-,2014
Gibraltar,-,-,2014
Grenada,-,-,2014
Greece,-,-,2014
Guatemala,-,-,2014
Guyana,-,-,2014
French Guiana,-,-,2014
Guinea-Bissau,-,-,2014
Equatorial Guinea,5.646,11.983,2014
Haiti,-,-,2014
Honduras,-,-,2014
Hong Kong,18.130,63.534,2014
Hungary,-,-,2014
Isle of Man,-,-,2014
Virgin Islands,-,-,2014
India,-,-,2014
Indonesia,-,-,2014
Iran,-,-,2014
Iraq,-,-,2014
Ireland,-,-,2014
Italy,604,2.492,2014
Jamaica,-,-,2014
Japan,106.426,401.774,2014
Jordan,-,-,2014
Latvia,-,-,2014
Lebanon,-,-,2014
Liberia,-,-,2014
Luxembourg,8.281,52.400,2014
Malaysia,-,-,2014
Malta,-,-,2014
Marshall Islands,-,-,2014
Mauritania,-,-,2014
Mexico,1.521,24.336,2014
Mozambique,-,-,2014
Montenegro,-,-,2014
Namibia,-,-,2014
Nicaragua,-,-,2014
Nigeria,-,-,2014
Norway,7.179,50.464,2014
New Caledonia,-,-,2014
New Zealand,2.800,13.675,2014
Oman,-,-,2014
Netherlands,165.289,773.767,2014
Panama,-,-,2014
Paraguay,521.847,908.028,2014
Peru,-,-,2014
Poland,30.181,107.957,2014
Puerto Rico,-,-,2014
Portugal,71.544,79.141,2014
Kenya,-,-,2014
UK,305.807,1.373.747,2014
Dominican Republic,-,-,2014
Rússia,190.656,61.440,2014
Sao Tome and Principe,-,-,2014
Saint Vincent and the Grenadines,-,-,2014
Senegal,-,-,2014
Sierra Leone,-,-,2014
Singapore,-,-,2014
Eswatini,-,-,2014
Sweden,10.404,51.057,2014
Switzerland,27.933,231.762,2014
Suriname,6,19,2014
Thailand,-,-,2014
Taiwan,12.519,67.907,2014
Tanzânia,-,-,2014
Czech Republic,4.500,35.005,2014
Togo,-,-,2014
Trinidad and Tobago,360,1.600,2014
Tunísia,-,-,2014
Turkey,-,-,2014
Tuvalu,-,-,2014
Uruguay,-,-,2014
Vanuatu,-,-,2014
Venezuela,14,232,2014
Vietnam,-,-,2014
Afghanistan,-,-,2015
South Africa,-,-,2015
Germany,10.680,44.780,2015
Angola,1.908,17.089,2015
Anguilla,-,-,2015
Antigua and Barbuda,-,-,2015
Caribbean Netherlands,6.660,10.545,2015
Argentina,-,-,2015
Aruba,-,-,2015
Australia,7.437,48.011,2015
Austria,-,-,2015
Bahamas,-,-,2015
Bangladesh,-,-,2015
Barbados,-,-,2015
Bahrain,-,-,2015
Belgium,4.473,26.399,2015
Belize,-,-,2015
Benin,-,-,2015
Bolivia,10.674,12.990,2015
Bosnia,-,-,2015
Brazil,-,-,2015
Bulgaria,-,-,2015
Republic of Cabo Verde,-,-,2015
Cameroon,-,-,2015
Canada,24.547,118.394,2015
Qatar,-,-,2015
Cayman Islands,-,-,2015
Chile,-,-,2015
China,47.609,222.866,2015
Cyprus,-,-,2015
Singapore,1.116,2.774,2015
Cocos (Keeling) Islands,-,-,2015
Colombia,-,-,2015
Comoros,-,-,2015
Congo,-,-,2015
South Korea,-,-,2015
Côte d'Ivoire,-,-,2015
Costa Rica,-,-,2015
Croatia,-,-,2015
Cuba,97.965,108.864,2015
Curacao,-,-,2015
Denmark,7.080,29.306,2015
Dominica,-,-,2015
El Salvador,-,-,2015
Saudi Arabia,765,3.740,2015
Ecuador,-,-,2015
Slovakia,-,-,2015
Spain,-,-,2015
US,195.896,524.109,2015
Estonia,-,-,2015
Philippines,-,-,2015
Finland,-,-,2015
France,1.596,4.749,2015
Ghana,-,-,2015
Gibraltar,-,-,2015
Grenada,-,-,2015
Greece,-,-,2015
Guatemala,-,-,2015
Guyana,-,-,2015
French Guiana,-,-,2015
Guinea-Bissau,-,-,2015
Equatorial Guinea,-,-,2015
Haiti,-,-,2015
Honduras,-,-,2015
Hong Kong,1.229,7.837,2015
Hungary,-,-,2015
Isle of Man,-,-,2015
Virgin Islands,-,-,2015
India,-,-,2015
Indonesia,-,-,2015
Iran,-,-,2015
Iraq,-,-,2015
Ireland,-,-,2015
Italy,-,-,2015
Jamaica,-,-,2015
Japan,31.597,87.853,2015
Jordan,-,-,2015
Latvia,-,-,2015
Lebanon,-,-,2015
Liberia,-,-,2015
Luxembourg,2.295,17.358,2015
Malaysia,-,-,2015
Malta,-,-,2015
Marshall Islands,-,-,2015
Mauritania,-,-,2015
Mexico,-,-,2015
Mozambique,-,-,2015
Montenegro,-,-,2015
Namibia,-,-,2015
Nicaragua,-,-,2015
Nigeria,-,-,2015
Norway,1.058,6.021,2015
New Caledonia,-,-,2015
New Zealand,809,3.476,2015
Oman,-,-,2015
Netherlands,44.987,186.464,2015
Panama,-,-,2015
Paraguay,495.428,741.370,2015
Peru,-,-,2015
Poland,11.654,42.781,2015
Puerto Rico,-,-,2015
Portugal,47.736,42.586,2015
Kenya,-,-,2015
UK,68.382,308.407,2015
Dominican Republic,-,-,2015
Rússia,47.664,18.240,2015
Sao Tome and Principe,-,-,2015
Saint Vincent and the Grenadines,-,-,2015
Senegal,-,-,2015
Sierra Leone,-,-,2015
Singapore,-,-,2015
Eswatini,-,-,2015
Sweden,1.412,6.404,2015
Switzerland,15.872,85.790,2015
Suriname,453,713,2015
Thailand,-,-,2015
Taiwan,7.200,23.940,2015
Tanzânia,-,-,2015
Czech Republic,2.297,15.304,2015
Togo,-,-,2015
Trinidad and Tobago,-,-,2015
Tunísia,-,-,2015
Turkey,-,-,2015
Tuvalu,-,-,2015
Uruguay,-,-,2015
Vanuatu,-,-,2015
Venezuela,-,-,2015
Vietnam,-,-,2015
Afghanistan,-,-,2016
South Africa,-,-,2016
Germany,14.012,68.109,2016
Angola,7.359,35.390,2016
Anguilla,-,-,2016
Antigua and Barbuda,-,-,2016
Caribbean Netherlands,16.641,26.450,2016
Argentina,-,-,2016
Aruba,-,-,2016
Australia,1.954,13.799,2016
Austria,675,5.220,2016
Bahamas,-,-,2016
Bangladesh,-,-,2016
Barbados,-,-,2016
Bahrain,-,-,2016
Belgium,7.200,46.534,2016
Belize,-,-,2016
Benin,5.040,20.333,2016
Bolivia,13.586,16.902,2016
Bosnia,-,-,2016
Brazil,-,-,2016
Bulgaria,-,-,2016
Republic of Cabo Verde,-,-,2016
Cameroon,-,-,2016
Canada,13.711,71.096,2016
Qatar,-,-,2016
Cayman Islands,-,-,2016
Chile,-,-,2016
China,134.106,499.622,2016
Cyprus,-,-,2016
Singapore,5.445,13.199,2016
Cocos (Keeling) Islands,-,-,2016
Colombia,-,-,2016
Comoros,-,-,2016
Congo,-,-,2016
South Korea,8,20,2016
Côte d'Ivoire,-,-,2016
Costa Rica,-,-,2016
Croatia,-,-,2016
Cuba,63.741,69.830,2016
Curacao,-,-,2016
Denmark,1.278,8.171,2016
Dominica,-,-,2016
El Salvador,-,-,2016
Saudi Arabia,585,2.760,2016
Ecuador,-,-,2016
Slovakia,-,-,2016
Spain,-,-,2016
US,258.072,687.411,2016
Estonia,900,4.800,2016
Philippines,-,-,2016
Finland,7.617,41.003,2016
France,6.037,30.055,2016
Ghana,-,-,2016
Gibraltar,-,-,2016
Grenada,-,-,2016
Greece,-,-,2016
Guatemala,-,-,2016
Guyana,-,-,2016
French Guiana,-,-,2016
Guinea-Bissau,-,-,2016
Equatorial Guinea,-,-,2016
Haiti,-,-,2016
Honduras,-,-,2016
Hong Kong,6.975,86.199,2016
Hungary,-,-,2016
Isle of Man,-,-,2016
Virgin Islands,-,-,2016
India,-,-,2016
Indonesia,-,-,2016
Iran,-,-,2016
Iraq,-,-,2016
Ireland,-,-,2016
Italy,585,3.465,2016
Jamaica,-,-,2016
Japan,34.341,90.954,2016
Jordan,-,-,2016
Latvia,-,-,2016
Lebanon,-,-,2016
Liberia,-,-,2016
Luxembourg,2.759,21.426,2016
Malaysia,-,-,2016
Malta,-,-,2016
Marshall Islands,-,-,2016
Mauritania,-,-,2016
Mexico,-,-,2016
Mozambique,-,-,2016
Montenegro,-,-,2016
Namibia,-,-,2016
Nicaragua,-,-,2016
Nigeria,-,-,2016
Norway,-,-,2016
New Caledonia,-,-,2016
New Zealand,504,9.472,2016
Oman,-,-,2016
Netherlands,42.953,190.203,2016
Panama,-,-,2016
Paraguay,985.739,1.655.417,2016
Peru,-,-,2016
Poland,11.457,35.402,2016
Puerto Rico,-,-,2016
Portugal,-,-,2016
Kenya,-,-,2016
UK,117.044,536.681,2016
Dominican Republic,-,-,2016
Rússia,-,-,2016
Sao Tome and Principe,-,-,2016
Saint Vincent and the Grenadines,-,-,2016
Senegal,-,-,2016
Sierra Leone,-,-,2016
Singapore,-,-,2016
Eswatini,-,-,2016
Sweden,291,1.214,2016
Switzerland,4.230,33.340,2016
Suriname,900,1.375,2016
Thailand,-,-,2016
Taiwan,16.967,80.379,2016
Tanzânia,-,-,2016
Czech Republic,3.837,28.473,2016
Togo,-,-,2016
Trinidad and Tobago,-,-,2016
Tunísia,-,-,2016
Turkey,-,-,2016
Tuvalu,-,-,2016
Uruguay,-,-,2016
Vanuatu,-,-,2016
Venezuela,-,-,2016
Vietnam,-,-,2016
Afghanistan,-,-,2017
South Africa,-,-,2017
Germany,15.467,87.702,2017
Angola,10.170,61.680,2017
Anguilla,-,-,2017
Antigua and Barbuda,-,-,2017
Caribbean Netherlands,5.400,8.550,2017
Argentina,-,-,2017
Aruba,-,-,2017
Australia,1.350,7.500,2017
Austria,-,-,2017
Bahamas,-,-,2017
Bangladesh,-,-,2017
Barbados,-,-,2017
Bahrain,-,-,2017
Belgium,2.790,16.405,2017
Belize,-,-,2017
Benin,-,-,2017
Bolivia,9.495,23.085,2017
Bosnia,-,-,2017
Brazil,-,-,2017
Bulgaria,117,1.579,2017
Republic of Cabo Verde,-,-,2017
Cameroon,1.749,7.476,2017
Canada,6.075,30.658,2017
Qatar,13.338,81.606,2017
Cayman Islands,-,-,2017
Chile,-,-,2017
China,67.594,266.086,2017
Cyprus,-,-,2017
Singapore,-,-,2017
Cocos (Keeling) Islands,-,-,2017
Colombia,-,-,2017
Comoros,-,-,2017
Congo,-,-,2017
South Korea,-,-,2017
Côte d'Ivoire,-,-,2017
Costa Rica,-,-,2017
Croatia,-,-,2017
Cuba,62.791,72.229,2017
Curacao,12.340,23.011,2017
Denmark,581,2.829,2017
Dominica,-,-,2017
El Salvador,-,-,2017
Saudi Arabia,675,3.302,2017
Ecuador,-,-,2017
Slovakia,-,-,2017
Spain,-,-,2017
US,132.688,1.523.699,2017
Estonia,-,-,2017
Philippines,-,-,2017
Finland,-,-,2017
France,4.253,21.654,2017
Ghana,-,-,2017
Gibraltar,-,-,2017
Grenada,-,-,2017
Greece,-,-,2017
Guatemala,-,-,2017
Guyana,-,-,2017
French Guiana,-,-,2017
Guinea-Bissau,48,90,2017
Equatorial Guinea,2.639,30.563,2017
Haiti,-,-,2017
Honduras,-,-,2017
Hong Kong,1.934,8.180,2017
Hungary,-,-,2017
Isle of Man,-,-,2017
Virgin Islands,-,-,2017
India,-,-,2017
Indonesia,-,-,2017
Iran,-,-,2017
Iraq,-,-,2017
Ireland,-,-,2017
Italy,468,2.248,2017
Jamaica,-,-,2017
Japan,33.909,92.886,2017
Jordan,-,-,2017
Latvia,387,3.723,2017
Lebanon,-,-,2017
Liberia,-,-,2017
Luxembourg,2.719,21.947,2017
Malaysia,-,-,2017
Malta,-,-,2017
Marshall Islands,-,-,2017
Mauritania,-,-,2017
Mexico,664,2.292,2017
Mozambique,-,-,2017
Montenegro,-,-,2017
Namibia,-,-,2017
Nicaragua,-,-,2017
Nigeria,-,-,2017
Norway,-,-,2017
New Caledonia,-,-,2017
New Zealand,1.678,8.140,2017
Oman,-,-,2017
Netherlands,-,-,2017
Panama,-,-,2017
Paraguay,2.393.468,4.274.650,2017
Peru,-,-,2017
Poland,-,-,2017
Puerto Rico,-,-,2017
Portugal,-,-,2017
Kenya,-,-,2017
UK,60.711,242.883,2017
Dominican Republic,-,-,2017
Rússia,-,-,2017
Sao Tome and Principe,-,-,2017
Saint Vincent and the Grenadines,-,-,2017
Senegal,-,-,2017
Sierra Leone,-,-,2017
Singapore,-,-,2017
Eswatini,-,-,2017
Sweden,15.445,64.953,2017
Switzerland,6.525,74.816,2017
Suriname,3.690,5.638,2017
Thailand,-,-,2017
Taiwan,14.988,43.954,2017
Tanzânia,-,-,2017
Czech Republic,2.746,16.947,2017
Togo,-,-,2017
Trinidad and Tobago,-,-,2017
Tunísia,-,-,2017
Turkey,-,-,2017
Tuvalu,-,-,2017
Uruguay,-,-,2017
Vanuatu,-,-,2017
Venezuela,680,2.646,2017
Vietnam,-,-,2017
Afghanistan,-,-,2018
South Africa,-,-,2018
Germany,10.794,45.382,2018
Angola,477,709,2018
Anguilla,-,-,2018
Antigua and Barbuda,37,191,2018
Caribbean Netherlands,-,-,2018
Argentina,15.711,59.150,2018
Aruba,-,-,2018
Australia,2.055,6.902,2018
Austria,-,-,2018
Bahamas,141,634,2018
Bangladesh,-,-,2018
Barbados,-,-,2018
Bahrain,-,-,2018
Belgium,7.497,52.799,2018
Belize,-,-,2018
Benin,-,-,2018
Bolivia,21.566,57.424,2018
Bosnia,-,-,2018
Brazil,-,-,2018
Bulgaria,-,-,2018
Republic of Cabo Verde,18,48,2018
Cameroon,-,-,2018
Canada,5.308,20.414,2018
Qatar,-,-,2018
Cayman Islands,19,203,2018
Chile,11.049,42.832,2018
China,30.835,126.336,2018
Cyprus,279,480,2018
Singapore,3.298,11.616,2018
Cocos (Keeling) Islands,-,-,2018
Colombia,6.944,26.273,2018
Comoros,-,-,2018
Congo,-,-,2018
South Korea,120,109,2018
Côte d'Ivoire,-,-,2018
Costa Rica,-,-,2018
Croatia,-,-,2018
Cuba,4.776,5.584,2018
Curacao,23.930,43.676,2018
Denmark,-,-,2018
Dominica,-,-,2018
El Salvador,-,-,2018
Saudi Arabia,360,1.762,2018
Ecuador,-,-,2018
Slovakia,-,-,2018
Spain,6.123,22.631,2018
US,169.109,512.519,2018
Estonia,-,-,2018
Philippines,9.608,16.205,2018
Finland,-,-,2018
France,11.077,48.677,2018
Ghana,9.000,13.502,2018
Gibraltar,-,-,2018
Grenada,-,-,2018
Greece,232,730,2018
Guatemala,-,-,2018
Guyana,-,-,2018
French Guiana,-,-,2018
Guinea-Bissau,-,-,2018
Equatorial Guinea,8.389,26.808,2018
Haiti,79.500,144.425,2018
Honduras,-,-,2018
Hong Kong,1.742,9.029,2018
Hungary,-,-,2018
Isle of Man,-,-,2018
Virgin Islands,-,-,2018
India,-,-,2018
Indonesia,-,-,2018
Iran,-,-,2018
Iraq,-,-,2018
Ireland,7.560,25.767,2018
Italy,3.661,13.260,2018
Jamaica,-,-,2018
Japan,36.992,112.342,2018
Jordan,-,-,2018
Latvia,-,-,2018
Lebanon,-,-,2018
Liberia,658,3.100,2018
Luxembourg,1.778,11.053,2018
Malaysia,15,33,2018
Malta,503,1.192,2018
Marshall Islands,923,2.436,2018
Mauritania,-,-,2018
Mexico,2.748,9.744,2018
Mozambique,-,-,2018
Montenegro,-,-,2018
Namibia,-,-,2018
Nicaragua,-,-,2018
Nigeria,5.175,6.250,2018
Norway,1.295,9.847,2018
New Caledonia,-,-,2018
New Zealand,969,5.565,2018
Oman,-,-,2018
Netherlands,9.451,32.395,2018
Panama,1.183,3.117,2018
Paraguay,3.234.168,5.494.321,2018
Peru,5.193,19.372,2018
Poland,720,4.679,2018
Puerto Rico,-,-,2018
Portugal,-,-,2018
Kenya,6.771,31.225,2018
UK,67.708,296.827,2018
Dominican Republic,-,-,2018
Rússia,-,-,2018
Sao Tome and Principe,2.184,2.357,2018
Saint Vincent and the Grenadines,-,-,2018
Senegal,-,-,2018
Sierra Leone,-,-,2018
Singapore,-,-,2018
Eswatini,-,-,2018
Sweden,8.062,34.563,2018
Switzerland,-,-,2018
Suriname,-,-,2018
Thailand,8,45,2018
Taiwan,7.589,18.421,2018
Tanzânia,-,-,2018
Czech Republic,2.712,20.980,2018
Togo,-,-,2018
Trinidad and Tobago,-,-,2018
Tunísia,-,-,2018
Turkey,360,150,2018
Tuvalu,-,-,2018
Uruguay,7.711,29.617,2018
Vanuatu,-,-,2018
Venezuela,71,355,2018
Vietnam,-,-,2018
Afghanistan,-,-,2019
South Africa,26,95,2019
Germany,3.660,25.467,2019
Angola,345,1.065,2019
Anguilla,-,-,2019
Antigua and Barbuda,219,1.549,2019
Caribbean Netherlands,-,-,2019
Argentina,-,-,2019
Aruba,-,-,2019
Australia,1.161,4.682,2019
Austria,-,-,2019
Bahamas,791,3.124,2019
Bangladesh,-,-,2019
Barbados,36,394,2019
Bahrain,482,2.144,2019
Belgium,2.498,12.548,2019
Belize,9,29,2019
Benin,9,9,2019
Bolivia,-,-,2019
Bosnia,-,-,2019
Brazil,-,-,2019
Bulgaria,-,-,2019
Republic of Cabo Verde,-,-,2019
Cameroon,-,-,2019
Canada,1.589,6.933,2019
Qatar,-,-,2019
Cayman Islands,19,106,2019
Chile,-,-,2019
China,129.852,376.828,2019
Cyprus,672,1.843,2019
Singapore,5.044,19.099,2019
Cocos (Keeling) Islands,-,-,2019
Colombia,897,1.999,2019
Comoros,-,-,2019
Congo,-,-,2019
South Korea,70,194,2019
Côte d'Ivoire,-,-,2019
Costa Rica,-,-,2019
Croatia,-,-,2019
Cuba,-,-,2019
Curacao,33.951,62.067,2019
Denmark,240,306,2019
Dominica,-,-,2019
El Salvador,-,-,2019
Saudi Arabia,450,2.202,2019
Ecuador,2,3,2019
Slovakia,-,-,2019
Spain,3.540,1.353,2019
US,209.765,616.274,2019
Estonia,-,-,2019
Philippines,736,2.486,2019
Finland,-,-,2019
France,18.286,67.072,2019
Ghana,7.673,10.010,2019
Gibraltar,23,93,2019
Grenada,-,-,2019
Greece,561,1.994,2019
Guatemala,1.597,8.719,2019
Guyana,424,1.311,2019
French Guiana,-,-,2019
Guinea-Bissau,-,-,2019
Equatorial Guinea,-,-,2019
Haiti,81.873,129.803,2019
Honduras,-,-,2019
Hong Kong,9.651,42.020,2019
Hungary,-,-,2019
Isle of Man,28,175,2019
Virgin Islands,-,-,2019
India,51,273,2019
Indonesia,-,-,2019
Iran,-,-,2019
Iraq,-,-,2019
Ireland,-,-,2019
Italy,587,1.625,2019
Jamaica,-,-,2019
Japan,40.621,99.642,2019
Jordan,-,-,2019
Latvia,-,-,2019
Lebanon,-,-,2019
Liberia,4.441,20.068,2019
Luxembourg,1.666,11.211,2019
Malaysia,48,110,2019
Malta,3.661,8.828,2019
Marshall Islands,7.276,15.786,2019
Mauritania,-,-,2019
Mexico,4,4,2019
Mozambique,-,-,2019
Montenegro,9,46,2019
Namibia,-,-,2019
Nicaragua,-,-,2019
Nigeria,28.437,38.555,2019
Norway,628,3.139,2019
New Caledonia,-,-,2019
New Zealand,500,2.832,2019
Oman,-,-,2019
Netherlands,44.882,148.031,2019
Panama,7.918,29.017,2019
Paraguay,2.419.537,3.826.587,2019
Peru,9.755,17.310,2019
Poland,5,11,2019
Puerto Rico,-,-,2019
Portugal,18.328,72.413,2019
Kenya,-,-,2019
UK,34.295,164.592,2019
Dominican Republic,-,-,2019
Rússia,-,-,2019
Sao Tome and Principe,-,-,2019
Saint Vincent and the Grenadines,-,-,2019
Senegal,-,-,2019
Sierra Leone,18,717,2019
Singapore,-,-,2019
Eswatini,-,-,2019
Sweden,28,761,2019
Switzerland,2.223,28.503,2019
Suriname,3.206,4.741,2019
Thailand,128,832,2019
Taiwan,12,67,2019
Tanzânia,-,-,2019
Czech Republic,2.115,16.391,2019
Togo,-,-,2019
Trinidad and Tobago,-,-,2019
Tunísia,-,-,2019
Turkey,115,209,2019
Tuvalu,-,-,2019
Uruguay,6.180,18.497,2019
Vanuatu,-,-,2019
Venezuela,-,-,2019
Vietnam,20,32,2019
Afghanistan,-,-,2020
South Africa,4,21,2020
Germany,6.261,32.605,2020
Angola,-,-,2020
Anguilla,-,-,2020
Antigua and Barbuda,624,1.864,2020
Caribbean Netherlands,-,-,2020
Argentina,1.015,4.176,2020
Aruba,-,-,2020
Australia,1.013,3.413,2020
Austria,-,-,2020
Bahamas,1.212,3.703,2020
Bangladesh,3,29,2020
Barbados,143,169,2020
Bahrain,8,28,2020
Belgium,3.166,20.460,2020
Belize,-,-,2020
Benin,-,-,2020
Bolivia,9.900,16.025,2020
Bosnia,45,52,2020
Brazil,-,-,2020
Bulgaria,-,-,2020
Republic of Cabo Verde,-,-,2020
Cameroon,0,178,2020
Canada,1.672,8.431,2020
Qatar,-,-,2020
Cayman Islands,123,339,2020
Chile,11,13,2020
China,122.253,363.000,2020
Cyprus,2.478,6.785,2020
Singapore,4.049,9.316,2020
Cocos (Keeling) Islands,-,-,2020
Colombia,15.660,23.780,2020
Comoros,9,25,2020
Congo,-,-,2020
South Korea,103,433,2020
Côte d'Ivoire,-,-,2020
Costa Rica,-,-,2020
Croatia,21,123,2020
Cuba,-,-,2020
Curacao,47.962,65.986,2020
Denmark,659,1.962,2020
Dominica,-,-,2020
El Salvador,-,-,2020
Saudi Arabia,581,2.279,2020
Ecuador,3.780,3.824,2020
Slovakia,-,-,2020
Spain,28,126,2020
US,300.178,610.793,2020
Estonia,-,-,2020
Philippines,719,1.548,2020
Finland,-,-,2020
France,12.622,57.144,2020
Ghana,18.810,22.027,2020
Gibraltar,769,2.860,2020
Grenada,-,-,2020
Greece,6.859,18.092,2020
Guatemala,-,-,2020
Guyana,990,2.577,2020
French Guiana,-,-,2020
Guinea-Bissau,-,-,2020
Equatorial Guinea,-,-,2020
Haiti,399.128,471.152,2020
Honduras,-,-,2020
Hong Kong,15.159,41.987,2020
Hungary,-,-,2020
Isle of Man,11,121,2020
Virgin Islands,-,-,2020
India,7,10,2020
Indonesia,5,6,2020
Iran,21,35,2020
Iraq,-,-,2020
Ireland,29,257,2020
Italy,91,376,2020
Jamaica,-,-,2020
Japan,36.442,92.674,2020
Jordan,12,52,2020
Latvia,-,-,2020
Lebanon,-,-,2020
Liberia,5.155,17.624,2020
Luxembourg,1.086,5.110,2020
Malaysia,-,-,2020
Malta,3.490,9.688,2020
Marshall Islands,6.270,19.639,2020
Mauritania,-,-,2020
Mexico,24,226,2020
Mozambique,-,-,2020
Montenegro,9,20,2020
Namibia,-,-,2020
Nicaragua,-,-,2020
Nigeria,12.094,26.514,2020
Norway,1.859,15.134,2020
New Caledonia,-,-,2020
New Zealand,95,515,2020
Oman,-,-,2020
Netherlands,248,1.532,2020
Panama,10.821,28.372,2020
Paraguay,3.299.013,3.869.243,2020
Peru,-,-,2020
Poland,74,86,2020
Puerto Rico,-,-,2020
Portugal,7.958,34.518,2020
Kenya,-,-,2020
UK,22.913,82.722,2020
Dominican Republic,-,-,2020
Rússia,1.463,8.550,2020
Sao Tome and Principe,-,-,2020
Saint Vincent and the Grenadines,-,-,2020
Senegal,-,-,2020
Sierra Leone,9.240,13.050,2020
Singapore,-,-,2020
Eswatini,-,-,2020
Sweden,6,24,2020
Switzerland,2.827,27.930,2020
Suriname,4.185,5.277,2020
Thailand,534,1.753,2020
Taiwan,963,4.673,2020
Tanzânia,-,-,2020
Czech Republic,563,4.805,2020
Togo,-,-,2020
Trinidad and Tobago,-,-,2020
Tunísia,-,-,2020
Turkey,-,-,2020
Tuvalu,2,4,2020
Uruguay,-,-,2020
Vanuatu,18,31,2020
Venezuela,4.086,9.808,2020
Vietnam,86,584,2020
Afghanistan,11,46,2021
South Africa,-,-,2021
Germany,2.698,6.741,2021
Angola,-,-,2021
Anguilla,-,-,2021
Antigua and Barbuda,805,2.268,2021
Caribbean Netherlands,-,-,2021
Argentina,6,13,2021
Aruba,-,-,2021
Australia,705,4.034,2021
Austria,-,-,2021
Bahamas,1.083,4.567,2021
Bangladesh,2,20,2021
Barbados,216,844,2021
Bahrain,302,894,2021
Belgium,483,3.749,2021
Belize,-,-,2021
Benin,-,-,2021
Bolivia,5.850,8.360,2021
Bosnia,-,-,2021
Brazil,31,46,2021
Bulgaria,-,-,2021
Republic of Cabo Verde,16,124,2021
Cameroon,-,-,2021
Canada,1.172,6.157,2021
Qatar,1,2,2021
Cayman Islands,104,356,2021
Chile,26,6,2021
China,61.884,264.116,2021
Cyprus,1.855,4.530,2021
Singapore,-,-,2021
Cocos (Keeling) Islands,-,-,2021
Colombia,12.160,21.867,2021
Comoros,-,-,2021
Congo,-,-,2021
South Korea,67,100,2021
Côte d'Ivoire,-,-,2021
Costa Rica,-,-,2021
Croatia,-,-,2021
Cuba,-,-,2021
Curacao,32.263,58.993,2021
Denmark,87,504,2021
Dominica,460,634,2021
El Salvador,-,-,2021
Saudi Arabia,810,10.522,2021
Ecuador,-,-,2021
Slovakia,-,-,2021
Spain,-,-,2021
US,111.085,203.554,2021
Estonia,-,-,2021
Philippines,2.784,10.368,2021
Finland,-,-,2021
France,7.052,23.742,2021
Ghana,12.578,19.196,2021
Gibraltar,-,-,2021
Grenada,-,-,2021
Greece,908,3.014,2021
Guatemala,17.347,29.100,2021
Guyana,2.372,6.525,2021
French Guiana,90,32,2021
Guinea-Bissau,-,-,2021
Equatorial Guinea,-,-,2021
Haiti,670.379,831.181,2021
Honduras,-,-,2021
Hong Kong,12.507,39.390,2021
Hungary,87,583,2021
Isle of Man,97,445,2021
Virgin Islands,-,-,2021
India,13,86,2021
Indonesia,-,-,2021
Iran,116,287,2021
Iraq,-,-,2021
Ireland,36,208,2021
Italy,696,3.715,2021
Jamaica,-,-,2021
Japan,39.491,90.275,2021
Jordan,-,-,2021
Latvia,-,-,2021
Lebanon,-,-,2021
Liberia,7.554,23.060,2021
Luxembourg,-,-,2021
Malaysia,-,-,2021
Malta,3.441,15.454,2021
Marshall Islands,8.644,22.561,2021
Mauritania,9,85,2021
Mexico,9,2,2021
Mozambique,-,-,2021
Montenegro,14,65,2021
Namibia,-,-,2021
Nicaragua,-,-,2021
Nigeria,68.247,113.172,2021
Norway,1.878,8.320,2021
New Caledonia,7.227,11.924,2021
New Zealand,657,10.477,2021
Oman,-,-,2021
Netherlands,3.791,8.484,2021
Panama,29.520,48.444,2021
Paraguay,6.522.527,7.192.362,2021
Peru,9.720,17.107,2021
Poland,4,14,2021
Puerto Rico,-,-,2021
Portugal,6.358,42.633,2021
Kenya,-,-,2021
UK,25.316,122.394,2021
Dominican Republic,-,-,2021
Rússia,181.931,312.926,2021
Sao Tome and Principe,-,-,2021
Saint Vincent and the Grenadines,8,48,2021
Senegal,-,-,2021
Sierra Leone,6.525,12.955,2021
Singapore,4.504,14.346,2021
Eswatini,10,24,2021
Sweden,23,74,2021
Switzerland,627,6.999,2021
Suriname,900,1.472,2021
Thailand,1.334,2.529,2021
Taiwan,1.313,8.153,2021
Tanzânia,-,-,2021
Czech Republic,456,5.988,2021
Togo,1.890,2.012,2021
Trinidad and Tobago,-,-,2021
Tunísia,-,-,2021
Turkey,343,878,2021
Tuvalu,-,-,2021
Uruguay,136.774,149.842,2021
Vanuatu,-,-,2021
Venezuela,26.415,35.944,2021
Vietnam,-,-,2021
Afghanistan,-,-,2022
South Africa,-,-,2022
Germany,7.630,45.367,2022
Angola,4.068,4.761,2022
Anguilla,-,-,2022
Antigua and Barbuda,419,1.866,2022
Caribbean Netherlands,-,-,2022
Argentina,480,3.232,2022
Aruba,-,-,2022
Australia,1.424,12.299,2022
Austria,6,212,2022
Bahamas,1.215,5.799,2022
Bangladesh,7,84,2022
Barbados,220,1.145,2022
Bahrain,979,2.789,2022
Belgium,828,6.145,2022
Belize,-,-,2022
Benin,-,-,2022
Bolivia,32.530,49.011,2022
Bosnia,-,-,2022
Brazil,2.504,952,2022
Bulgaria,5,31,2022
Republic of Cabo Verde,-,-,2022
Cameroon,-,-,2022
Canada,1.183,5.784,2022
Qatar,-,-,2022
Cayman Islands,160,958,2022
Chile,2.094,7.986,2022
China,105.395,404.647,2022
Cyprus,1.521,4.458,2022
Singapore,-,-,2022
Cocos (Keeling) Islands,26,60,2022
Colombia,8.217,14.068,2022
Comoros,-,-,2022
Congo,-,-,2022
South Korea,77,257,2022
Côte d'Ivoire,-,-,2022
Costa Rica,-,-,2022
Croatia,34,484,2022
Cuba,16,6,2022
Curacao,40.673,66.950,2022
Denmark,2,6,2022
Dominica,1.485,2.223,2022
El Salvador,-,-,2022
Saudi Arabia,4.781,85.465,2022
Ecuador,135,210,2022
Slovakia,-,-,2022
Spain,-,-,2022
US,220.373,447.893,2022
Estonia,-,-,2022
Philippines,375,790,2022
Finland,-,-,2022
France,5.694,25.008,2022
Ghana,35.949,49.304,2022
Gibraltar,-,-,2022
Grenada,5.610,7.914,2022
Greece,920,2.426,2022
Guatemala,1.283,5.350,2022
Guyana,2.064,5.823,2022
French Guiana,22,18,2022
Guinea-Bissau,-,-,2022
Equatorial Guinea,-,-,2022
Haiti,553.503,741.014,2022
Honduras,-,-,2022
Hong Kong,9.371,38.218,2022
Hungary,-,-,2022
Isle of Man,165,641,2022
Virgin Islands,-,-,2022
India,247,1.021,2022
Indonesia,-,-,2022
Iran,47,90,2022
Iraq,-,-,2022
Ireland,-,-,2022
Italy,1.129,6.151,2022
Jamaica,-,-,2022
Japan,37.324,82.208,2022
Jordan,-,-,2022
Latvia,-,-,2022
Lebanon,-,-,2022
Liberia,9.145,34.815,2022
Luxembourg,36,802,2022
Malaysia,-,-,2022
Malta,3.127,15.587,2022
Marshall Islands,7.240,27.178,2022
Mauritania,-,-,2022
Mexico,6,33,2022
Mozambique,383,1.927,2022
Montenegro,-,-,2022
Namibia,-,-,2022
Nicaragua,-,-,2022
Nigeria,32.234,50.283,2022
Norway,2.711,40.316,2022
New Caledonia,-,-,2022
New Zealand,63,156,2022
Oman,194,670,2022
Netherlands,7.034,37.240,2022
Panama,11.490,49.392,2022
Paraguay,5.076.670,7.156.293,2022
Peru,-,-,2022
Poland,-,-,2022
Puerto Rico,-,-,2022
Portugal,1.918,7.613,2022
Kenya,1.440,2.080,2022
UK,18.835,138.154,2022
Dominican Republic,-,-,2022
Rússia,66.046,118.618,2022
Sao Tome and Principe,-,-,2022
Saint Vincent and the Grenadines,20,51,2022
Senegal,-,-,2022
Sierra Leone,8.101,15.182,2022
Singapore,4.322,15.434,2022
Eswatini,-,-,2022
Sweden,5,18,2022
Switzerland,1.584,20.863,2022
Suriname,1.225,3.360,2022
Thailand,432,1.713,2022
Taiwan,25,277,2022
Tanzânia,-,-,2022
Czech Republic,1.305,9.997,2022
Togo,17.317,25.608,2022
Trinidad and Tobago,-,-,2022
Tunísia,-,-,2022
Turkey,418,503,2022
Tuvalu,-,-,2022
Uruguay,637.117,997.367,2022
Vanuatu,-,-,2022
Venezuela,23.220,32.351,2022
Vietnam,130,277,2022
